Log_Date,Store_ID,Product_ID,Beginning_Inventory,Received,Sold,Ending_Inventory,Daily_Run_Rate,Inventory_to_Sales_Ratio
2026-07-01,ST001,P009,9,0,0,9.0,0.39,22.8
2026-07-01,ST001,P004,41,10,16,35.0,0.24,146.56
2026-07-01,ST001,P003,22,0,10,12.0,0.25,48.0
2026-07-01,ST002,P009,5,20,2,23.0,0.28,81.46
2026-07-01,ST002,P005,46,0,10,36.0,0.18,195.43
2026-07-01,ST002,P008,31,0,14,17.0,0.38,44.93
2026-07-01,ST003,P009,8,0,3,5.0,0.15,32.92
2026-07-01,ST003,P001,25,0,3,22.0,0.14,160.0
2026-07-01,ST003,P004,41,10,7,44.0,0.29,151.8
2026-07-01,ST004,P007,17,0,4,13.0,0.56,23.4
2026-07-01,ST004,P002,45,0,15,30.0,0.14,220.0
2026-07-01,ST004,P004,6,0,2,4.0,0.15,27.27
2026-07-01,ST005,P004,20,20,0,40.0,0.31,127.41
2026-07-01,ST005,P002,38,0,2,36.0,0.31,116.31
2026-07-01,ST005,P008,44,0,3,41.0,0.27,150.33
2026-07-01,ST006,P010,8,20,3,25.0,0.22,114.71
2026-07-01,ST006,P002,49,0,4,45.0,0.31,145.8
2026-07-01,ST006,P009,33,0,13,20.0,0.19,105.0
2026-07-01,ST007,P001,23,10,6,27.0,0.22,121.5
2026-07-01,ST007,P009,31,0,0,31.0,0.25,125.41
2026-07-01,ST007,P010,34,0,3,31.0,0.21,148.11
2026-07-01,ST008,P001,42,0,3,39.0,0.2,195.0
2026-07-01,ST008,P008,50,0,25,25.0,0.18,142.86
2026-07-01,ST008,P006,41,0,16,25.0,0.16,158.33
2026-07-01,ST009,P007,16,0,0,16.0,0.23,70.74
2026-07-01,ST009,P008,24,0,8,16.0,0.21,74.67
2026-07-01,ST009,P009,27,0,8,19.0,0.09,206.29
2026-07-01,ST010,P003,43,0,11,32.0,0.19,171.64
2026-07-01,ST010,P008,38,0,4,34.0,0.36,94.07
2026-07-01,ST010,P005,37,10,17,30.0,0.45,66.0
2026-07-01,ST011,P007,17,0,3,14.0,0.18,77.47
2026-07-01,ST011,P006,26,0,7,19.0,0.42,45.04
2026-07-01,ST011,P004,34,0,10,24.0,0.21,114.67
2026-07-01,ST012,P010,31,0,3,28.0,0.19,147.0
2026-07-01,ST012,P006,7,0,0,7.0,0.08,86.0
2026-07-01,ST012,P005,49,0,19,30.0,0.3,100.38
2026-07-01,ST013,P008,18,0,0,18.0,0.28,64.8
2026-07-01,ST013,P006,9,0,4,5.0,0.24,20.5
2026-07-01,ST013,P007,23,0,10,13.0,0.17,78.0
2026-07-01,ST014,P006,17,0,2,15.0,0.23,64.5
2026-07-01,ST014,P001,21,0,5,16.0,0.23,68.21
2026-07-01,ST014,P009,20,0,0,20.0,0.4,50.0
2026-07-01,ST015,P005,48,0,20,28.0,0.13,221.45
2026-07-01,ST015,P002,12,0,1,11.0,0.3,36.96
2026-07-01,ST015,P001,20,0,5,15.0,0.34,44.03
2026-07-02,ST001,P009,12,0,1,11.0,0.39,27.87
2026-07-02,ST001,P007,17,0,5,12.0,0.14,87.27
2026-07-02,ST001,P002,32,20,7,45.0,0.12,382.5
2026-07-02,ST002,P010,14,0,0,14.0,0.32,43.91
2026-07-02,ST002,P004,22,10,8,24.0,0.21,113.14
2026-07-02,ST002,P005,36,0,2,34.0,0.18,184.57
2026-07-02,ST003,P010,37,0,16,21.0,0.2,103.5
2026-07-02,ST003,P002,38,0,10,28.0,0.15,185.82
2026-07-02,ST003,P003,38,0,15,23.0,0.25,90.79
2026-07-02,ST004,P010,18,0,3,15.0,0.22,68.08
2026-07-02,ST004,P007,20,0,4,16.0,0.56,28.8
2026-07-02,ST004,P001,29,0,14,15.0,0.24,63.0
2026-07-02,ST005,P005,13,0,2,11.0,0.2,55.0
2026-07-02,ST005,P009,27,0,0,27.0,0.2,131.82
2026-07-02,ST005,P002,44,0,14,30.0,0.31,96.92
2026-07-02,ST006,P007,25,0,0,25.0,0.48,52.08
2026-07-02,ST006,P006,19,0,1,18.0,0.18,102.86
2026-07-02,ST006,P008,10,0,4,6.0,0.23,26.4
2026-07-02,ST007,P002,11,0,2,9.0,0.36,25.2
2026-07-02,ST007,P005,17,0,5,12.0,0.22,54.6
2026-07-02,ST007,P004,48,10,6,52.0,0.1,500.5
2026-07-02,ST008,P003,5,0,1,4.0,0.36,11.26
2026-07-02,ST008,P009,30,20,0,50.0,0.2,253.33
2026-07-02,ST008,P005,37,20,4,53.0,0.25,214.65
2026-07-02,ST009,P004,35,0,17,18.0,0.25,71.14
2026-07-02,ST009,P010,34,0,2,32.0,0.38,85.33
2026-07-02,ST009,P009,17,0,6,11.0,0.09,119.43
2026-07-02,ST010,P008,28,0,13,15.0,0.36,41.5
2026-07-02,ST010,P009,5,0,2,3.0,0.1,30.86
2026-07-02,ST010,P001,26,0,6,20.0,0.19,104.0
2026-07-02,ST011,P007,25,0,9,16.0,0.18,88.53
2026-07-02,ST011,P009,13,0,2,11.0,0.19,57.06
2026-07-02,ST011,P005,43,20,18,45.0,0.33,135.0
2026-07-02,ST012,P007,9,0,1,8.0,0.2,40.0
2026-07-02,ST012,P004,26,0,7,19.0,0.15,127.15
2026-07-02,ST012,P010,24,0,1,23.0,0.19,120.75
2026-07-02,ST013,P003,6,0,0,6.0,0.29,20.87
2026-07-02,ST013,P001,29,0,3,26.0,0.42,61.86
2026-07-02,ST013,P008,38,0,1,37.0,0.28,133.2
2026-07-02,ST014,P001,31,0,3,28.0,0.23,119.37
2026-07-02,ST014,P003,31,0,2,29.0,0.08,377.0
2026-07-02,ST014,P006,18,0,3,15.0,0.23,64.5
2026-07-02,ST015,P008,42,0,21,21.0,0.36,57.93
2026-07-02,ST015,P003,17,0,2,15.0,0.15,100.38
2026-07-02,ST015,P005,30,0,7,23.0,0.13,181.91
2026-07-03,ST001,P010,34,0,2,32.0,0.22,148.71
2026-07-03,ST001,P008,34,0,9,25.0,0.14,175.0
2026-07-03,ST001,P009,16,0,2,14.0,0.39,35.47
2026-07-03,ST002,P007,47,0,18,29.0,0.24,121.8
2026-07-03,ST002,P008,49,20,7,62.0,0.38,163.86
2026-07-03,ST002,P010,15,0,4,11.0,0.32,34.5
2026-07-03,ST003,P002,31,20,3,48.0,0.15,318.55
2026-07-03,ST003,P004,9,0,4,5.0,0.29,17.25
2026-07-03,ST003,P008,25,0,2,23.0,0.32,72.41
2026-07-03,ST004,P009,6,0,3,3.0,0.39,7.67
2026-07-03,ST004,P001,30,10,12,28.0,0.24,117.6
2026-07-03,ST004,P008,21,0,2,19.0,0.13,148.2
2026-07-03,ST005,P008,9,0,1,8.0,0.27,29.33
2026-07-03,ST005,P010,33,0,8,25.0,0.19,134.38
2026-07-03,ST005,P009,15,10,1,24.0,0.2,117.18
2026-07-03,ST006,P002,15,0,0,15.0,0.31,48.6
2026-07-03,ST006,P009,14,0,2,12.0,0.19,63.0
2026-07-03,ST006,P007,7,10,1,16.0,0.48,33.33
2026-07-03,ST007,P001,29,0,7,22.0,0.22,99.0
2026-07-03,ST007,P009,5,0,1,4.0,0.25,16.18
2026-07-03,ST007,P002,20,0,3,17.0,0.36,47.6
2026-07-03,ST008,P001,5,0,0,5.0,0.2,25.0
2026-07-03,ST008,P007,9,0,0,9.0,0.17,54.0
2026-07-03,ST008,P010,47,0,5,42.0,0.12,336.0
2026-07-03,ST009,P009,25,0,3,22.0,0.09,238.86
2026-07-03,ST009,P002,39,0,13,26.0,0.33,79.79
2026-07-03,ST009,P006,18,0,5,13.0,0.42,30.69
2026-07-03,ST010,P007,29,0,3,26.0,0.3,87.45
2026-07-03,ST010,P006,22,0,5,17.0,0.7,24.44
2026-07-03,ST010,P001,18,0,9,9.0,0.19,46.8
2026-07-03,ST011,P002,21,20,9,32.0,0.36,89.6
2026-07-03,ST011,P009,45,0,21,24.0,0.19,124.5
2026-07-03,ST011,P003,49,0,5,44.0,0.22,202.89
2026-07-03,ST012,P006,26,0,9,17.0,0.08,208.86
2026-07-03,ST012,P008,37,0,7,30.0,0.41,73.85
2026-07-03,ST012,P002,50,20,7,63.0,0.23,275.21
2026-07-03,ST013,P002,32,0,2,30.0,0.3,101.43
2026-07-03,ST013,P005,28,0,3,25.0,0.28,90.62
2026-07-03,ST013,P004,18,0,3,15.0,0.31,48.75
2026-07-03,ST014,P010,13,0,5,8.0,0.37,21.71
2026-07-03,ST014,P008,7,0,3,4.0,0.23,17.33
2026-07-03,ST014,P006,23,0,3,20.0,0.23,86.0
2026-07-03,ST015,P006,18,0,3,15.0,0.31,49.04
2026-07-03,ST015,P010,49,0,19,30.0,0.31,97.06
2026-07-03,ST015,P004,38,0,14,24.0,0.24,98.18
2026-07-04,ST001,P002,17,0,2,15.0,0.12,127.5
2026-07-04,ST001,P008,13,0,4,9.0,0.14,63.0
2026-07-04,ST001,P010,18,0,1,17.0,0.22,79.0
2026-07-04,ST002,P008,17,0,2,15.0,0.38,39.64
2026-07-04,ST002,P005,24,0,7,17.0,0.18,92.29
2026-07-04,ST002,P003,17,0,7,10.0,0.2,49.38
2026-07-04,ST003,P006,15,0,6,9.0,0.35,26.0
2026-07-04,ST003,P007,32,0,15,17.0,0.24,70.55
2026-07-04,ST003,P009,29,0,1,28.0,0.15,184.33
2026-07-04,ST004,P005,40,0,8,32.0,0.27,116.87
2026-07-04,ST004,P009,24,0,6,18.0,0.39,46.0
2026-07-04,ST004,P003,35,0,4,31.0,0.15,210.8
2026-07-04,ST005,P004,5,0,2,3.0,0.31,9.56
2026-07-04,ST005,P003,28,0,14,14.0,0.33,43.04
2026-07-04,ST005,P010,30,20,11,39.0,0.19,209.62
2026-07-04,ST006,P005,7,20,0,27.0,0.45,59.56
2026-07-04,ST006,P002,41,0,13,28.0,0.31,90.72
2026-07-04,ST006,P007,27,0,7,20.0,0.48,41.67
2026-07-04,ST007,P006,32,0,7,25.0,0.31,81.25
2026-07-04,ST007,P001,28,0,10,18.0,0.22,81.0
2026-07-04,ST007,P007,47,0,8,39.0,0.35,111.68
2026-07-04,ST008,P003,43,0,21,22.0,0.36,61.93
2026-07-04,ST008,P005,5,0,0,5.0,0.25,20.25
2026-07-04,ST008,P004,29,0,9,20.0,0.26,78.0
2026-07-04,ST009,P002,32,0,13,19.0,0.33,58.31
2026-07-04,ST009,P009,24,0,8,16.0,0.09,173.71
2026-07-04,ST009,P004,29,0,11,18.0,0.25,71.14
2026-07-04,ST010,P002,14,0,3,11.0,0.18,61.6
2026-07-04,ST010,P010,30,0,0,30.0,0.22,135.0
2026-07-04,ST010,P006,36,0,2,34.0,0.7,48.88
2026-07-04,ST011,P007,46,0,13,33.0,0.18,182.6
2026-07-04,ST011,P009,28,0,2,26.0,0.19,134.88
2026-07-04,ST011,P010,16,0,1,15.0,0.15,101.25
2026-07-04,ST012,P004,8,0,1,7.0,0.15,46.85
2026-07-04,ST012,P003,31,0,3,28.0,0.28,99.17
2026-07-04,ST012,P010,15,0,1,14.0,0.19,73.5
2026-07-04,ST013,P005,6,0,3,3.0,0.28,10.88
2026-07-04,ST013,P002,11,0,2,9.0,0.3,30.43
2026-07-04,ST013,P006,5,0,0,5.0,0.24,20.5
2026-07-04,ST014,P009,43,0,8,35.0,0.4,87.5
2026-07-04,ST014,P001,35,0,13,22.0,0.23,93.79
2026-07-04,ST014,P007,48,10,10,48.0,0.26,187.2
2026-07-04,ST015,P006,44,0,11,33.0,0.31,107.88
2026-07-04,ST015,P007,11,0,5,6.0,0.23,26.62
2026-07-04,ST015,P009,13,0,0,13.0,0.32,41.0
2026-07-05,ST001,P005,33,0,15,18.0,0.23,78.35
2026-07-05,ST001,P004,47,0,20,27.0,0.24,113.06
2026-07-05,ST001,P006,25,0,5,20.0,0.18,109.33
2026-07-05,ST002,P006,43,0,19,24.0,0.18,135.43
2026-07-05,ST002,P008,27,0,7,20.0,0.38,52.86
2026-07-05,ST002,P004,49,20,23,46.0,0.21,216.86
2026-07-05,ST003,P010,38,10,16,32.0,0.2,157.71
2026-07-05,ST003,P004,36,0,9,27.0,0.29,93.15
2026-07-05,ST003,P003,40,20,14,46.0,0.25,181.58
2026-07-05,ST004,P008,47,0,7,40.0,0.13,312.0
2026-07-05,ST004,P002,47,0,3,44.0,0.14,322.67
2026-07-05,ST004,P010,50,0,10,40.0,0.22,181.54
2026-07-05,ST005,P005,47,0,21,26.0,0.2,130.0
2026-07-05,ST005,P004,13,20,5,28.0,0.31,89.19
2026-07-05,ST005,P010,10,0,2,8.0,0.19,43.0
2026-07-05,ST006,P010,29,20,11,38.0,0.22,174.35
2026-07-05,ST006,P002,29,0,12,17.0,0.31,55.08
2026-07-05,ST006,P006,32,10,7,35.0,0.18,200.0
2026-07-05,ST007,P005,10,0,4,6.0,0.22,27.3
2026-07-05,ST007,P002,12,0,1,11.0,0.36,30.8
2026-07-05,ST007,P009,29,0,0,29.0,0.25,117.32
2026-07-05,ST008,P010,29,20,5,44.0,0.12,352.0
2026-07-05,ST008,P009,48,20,4,64.0,0.2,324.27
2026-07-05,ST008,P004,43,0,3,40.0,0.26,156.0
2026-07-05,ST009,P009,14,10,4,20.0,0.09,217.14
2026-07-05,ST009,P008,36,0,4,32.0,0.21,149.33
2026-07-05,ST009,P006,14,0,0,14.0,0.42,33.06
2026-07-05,ST010,P005,22,20,11,31.0,0.45,68.2
2026-07-05,ST010,P009,45,10,15,40.0,0.1,411.43
2026-07-05,ST010,P002,29,0,12,17.0,0.18,95.2
2026-07-05,ST011,P004,16,10,6,20.0,0.21,95.56
2026-07-05,ST011,P010,47,20,5,62.0,0.15,418.5
2026-07-05,ST011,P001,40,0,13,27.0,0.38,72.0
2026-07-05,ST012,P006,9,0,2,7.0,0.08,86.0
2026-07-05,ST012,P007,17,0,8,9.0,0.2,45.0
2026-07-05,ST012,P009,13,0,6,7.0,0.19,36.08
2026-07-05,ST013,P001,46,0,4,42.0,0.42,99.93
2026-07-05,ST013,P005,35,0,4,31.0,0.28,112.38
2026-07-05,ST013,P008,17,0,0,17.0,0.28,61.2
2026-07-05,ST014,P010,29,20,6,43.0,0.37,116.71
2026-07-05,ST014,P002,15,20,1,34.0,0.2,173.09
2026-07-05,ST014,P003,35,0,1,34.0,0.08,442.0
2026-07-05,ST015,P009,14,0,6,8.0,0.32,25.23
2026-07-05,ST015,P006,12,0,3,9.0,0.31,29.42
2026-07-05,ST015,P007,43,20,20,43.0,0.23,190.81
2026-07-06,ST001,P002,22,0,7,15.0,0.12,127.5
2026-07-06,ST001,P008,12,0,0,12.0,0.14,84.0
2026-07-06,ST001,P007,47,20,7,60.0,0.14,436.36
2026-07-06,ST002,P010,49,0,18,31.0,0.32,97.23
2026-07-06,ST002,P008,35,20,13,42.0,0.38,111.0
2026-07-06,ST002,P005,13,0,0,13.0,0.18,70.57
2026-07-06,ST003,P009,49,0,17,32.0,0.15,210.67
2026-07-06,ST003,P003,38,0,16,22.0,0.25,86.84
2026-07-06,ST003,P007,39,0,3,36.0,0.24,149.4
2026-07-06,ST004,P004,43,0,0,43.0,0.15,293.18
2026-07-06,ST004,P002,25,0,2,23.0,0.14,168.67
2026-07-06,ST004,P003,46,0,17,29.0,0.15,197.2
2026-07-06,ST005,P001,37,0,17,20.0,0.2,98.82
2026-07-06,ST005,P002,47,0,9,38.0,0.31,122.77
2026-07-06,ST005,P009,38,20,9,49.0,0.2,239.24
2026-07-06,ST006,P008,49,0,11,38.0,0.23,167.2
2026-07-06,ST006,P003,37,0,3,34.0,0.22,153.0
2026-07-06,ST006,P010,7,0,1,6.0,0.22,27.53
2026-07-06,ST007,P004,42,0,4,38.0,0.1,365.75
2026-07-06,ST007,P003,32,0,8,24.0,0.09,260.57
2026-07-06,ST007,P010,46,20,12,54.0,0.21,258.0
2026-07-06,ST008,P005,39,0,8,31.0,0.25,125.55
2026-07-06,ST008,P007,49,0,22,27.0,0.17,162.0
2026-07-06,ST008,P003,47,0,16,31.0,0.36,87.26
2026-07-06,ST009,P007,32,0,7,25.0,0.23,110.53
2026-07-06,ST009,P003,12,0,5,7.0,0.51,13.67
2026-07-06,ST009,P006,9,0,0,9.0,0.42,21.25
2026-07-06,ST010,P006,19,0,1,18.0,0.7,25.88
2026-07-06,ST010,P005,19,0,1,18.0,0.45,39.6
2026-07-06,ST010,P003,12,0,5,7.0,0.19,37.55
2026-07-06,ST011,P010,38,0,18,20.0,0.15,135.0
2026-07-06,ST011,P008,40,0,3,37.0,0.29,128.7
2026-07-06,ST011,P002,15,0,6,9.0,0.36,25.2
2026-07-06,ST012,P009,35,0,8,27.0,0.19,139.15
2026-07-06,ST012,P010,37,0,4,33.0,0.19,173.25
2026-07-06,ST012,P007,41,0,1,40.0,0.2,200.0
2026-07-06,ST013,P006,50,0,14,36.0,0.24,147.6
2026-07-06,ST013,P004,34,0,8,26.0,0.31,84.5
2026-07-06,ST013,P007,38,20,7,51.0,0.17,306.0
2026-07-06,ST014,P002,25,10,10,25.0,0.2,127.27
2026-07-06,ST014,P005,20,20,2,38.0,0.18,213.38
2026-07-06,ST014,P007,10,0,4,6.0,0.26,23.4
2026-07-06,ST015,P001,35,0,17,18.0,0.34,52.84
2026-07-06,ST015,P007,30,0,6,24.0,0.23,106.5
2026-07-06,ST015,P003,5,0,2,3.0,0.15,20.08
2026-07-07,ST001,P006,43,0,5,38.0,0.18,207.73
2026-07-07,ST001,P004,38,20,5,53.0,0.24,221.94
2026-07-07,ST001,P001,13,0,0,13.0,0.07,184.6
2026-07-07,ST002,P007,12,0,5,7.0,0.24,29.4
2026-07-07,ST002,P003,39,10,3,46.0,0.2,227.12
2026-07-07,ST002,P006,35,0,6,29.0,0.18,163.64
2026-07-07,ST003,P010,24,20,10,34.0,0.2,167.57
2026-07-07,ST003,P007,7,20,3,24.0,0.24,99.6
2026-07-07,ST003,P004,5,0,1,4.0,0.29,13.8
2026-07-07,ST004,P002,16,0,0,16.0,0.14,117.33
2026-07-07,ST004,P001,36,0,16,20.0,0.24,84.0
2026-07-07,ST004,P006,14,0,7,7.0,0.19,36.75
2026-07-07,ST005,P005,30,0,11,19.0,0.2,95.0
2026-07-07,ST005,P004,16,0,4,12.0,0.31,38.22
2026-07-07,ST005,P008,33,0,14,19.0,0.27,69.67
2026-07-07,ST006,P006,27,10,11,26.0,0.18,148.57
2026-07-07,ST006,P007,17,0,2,15.0,0.48,31.25
2026-07-07,ST006,P001,26,20,2,44.0,0.28,159.79
2026-07-07,ST007,P008,31,0,15,16.0,0.2,81.45
2026-07-07,ST007,P005,50,0,24,26.0,0.22,118.3
2026-07-07,ST007,P002,30,0,12,18.0,0.36,50.4
2026-07-07,ST008,P002,14,0,0,14.0,0.1,140.0
2026-07-07,ST008,P001,20,0,5,15.0,0.2,75.0
2026-07-07,ST008,P003,43,0,13,30.0,0.36,84.44
2026-07-07,ST009,P005,32,0,4,28.0,0.23,121.33
2026-07-07,ST009,P008,16,0,1,15.0,0.21,70.0
2026-07-07,ST009,P002,49,0,13,36.0,0.33,110.48
2026-07-07,ST010,P002,17,20,2,35.0,0.18,196.0
2026-07-07,ST010,P009,13,0,2,11.0,0.1,113.14
2026-07-07,ST010,P003,14,0,3,11.0,0.19,59.0
2026-07-07,ST011,P001,38,0,7,31.0,0.38,82.67
2026-07-07,ST011,P007,32,0,16,16.0,0.18,88.53
2026-07-07,ST011,P009,8,0,2,6.0,0.19,31.12
2026-07-07,ST012,P006,25,10,2,33.0,0.08,405.43
2026-07-07,ST012,P007,8,0,2,6.0,0.2,30.0
2026-07-07,ST012,P004,35,0,3,32.0,0.15,214.15
2026-07-07,ST013,P005,26,0,1,25.0,0.28,90.62
2026-07-07,ST013,P008,48,0,4,44.0,0.28,158.4
2026-07-07,ST013,P006,28,0,9,19.0,0.24,77.9
2026-07-07,ST014,P006,18,0,1,17.0,0.23,73.1
2026-07-07,ST014,P004,13,0,4,9.0,0.24,37.89
2026-07-07,ST014,P005,42,20,20,42.0,0.18,235.85
2026-07-07,ST015,P004,9,20,4,25.0,0.24,102.27
2026-07-07,ST015,P008,35,20,6,49.0,0.36,135.17
2026-07-07,ST015,P002,14,0,3,11.0,0.3,36.96
2026-07-08,ST001,P005,28,0,11,17.0,0.23,74.0
2026-07-08,ST001,P009,32,0,13,19.0,0.39,48.13
2026-07-08,ST001,P006,37,0,5,32.0,0.18,174.93
2026-07-08,ST002,P003,41,0,6,35.0,0.2,172.81
2026-07-08,ST002,P005,30,0,2,28.0,0.18,152.0
2026-07-08,ST002,P001,37,0,12,25.0,0.23,110.94
2026-07-08,ST003,P005,5,0,0,5.0,0.16,30.77
2026-07-08,ST003,P004,5,10,2,13.0,0.29,44.85
2026-07-08,ST003,P003,50,0,8,42.0,0.25,165.79
2026-07-08,ST004,P004,40,0,7,33.0,0.15,225.0
2026-07-08,ST004,P005,20,0,10,10.0,0.27,36.52
2026-07-08,ST004,P009,22,20,4,38.0,0.39,97.11
2026-07-08,ST005,P001,39,0,11,28.0,0.2,138.35
2026-07-08,ST005,P004,28,0,11,17.0,0.31,54.15
2026-07-08,ST005,P009,21,0,6,15.0,0.2,73.24
2026-07-08,ST006,P005,45,10,11,44.0,0.45,97.06
2026-07-08,ST006,P006,22,0,0,22.0,0.18,125.71
2026-07-08,ST006,P001,42,0,12,30.0,0.28,108.95
2026-07-08,ST007,P005,33,0,8,25.0,0.22,113.75
2026-07-08,ST007,P009,45,10,12,43.0,0.25,173.95
2026-07-08,ST007,P004,19,0,6,13.0,0.1,125.12
2026-07-08,ST008,P008,16,0,2,14.0,0.18,80.0
2026-07-08,ST008,P002,36,20,5,51.0,0.1,510.0
2026-07-08,ST008,P010,6,0,1,5.0,0.12,40.0
2026-07-08,ST009,P010,14,0,3,11.0,0.38,29.33
2026-07-08,ST009,P004,46,20,3,63.0,0.25,249.0
2026-07-08,ST009,P002,13,0,6,7.0,0.33,21.48
2026-07-08,ST010,P002,6,0,0,6.0,0.18,33.6
2026-07-08,ST010,P007,46,20,4,62.0,0.3,208.55
2026-07-08,ST010,P009,10,0,5,5.0,0.1,51.43
2026-07-08,ST011,P001,50,0,4,46.0,0.38,122.67
2026-07-08,ST011,P002,41,10,5,46.0,0.36,128.8
2026-07-08,ST011,P006,35,0,1,34.0,0.42,80.59
2026-07-08,ST012,P005,6,10,0,16.0,0.3,53.54
2026-07-08,ST012,P009,11,0,3,8.0,0.19,41.23
2026-07-08,ST012,P002,19,0,6,13.0,0.23,56.79
2026-07-08,ST013,P006,48,0,22,26.0,0.24,106.6
2026-07-08,ST013,P005,12,0,0,12.0,0.28,43.5
2026-07-08,ST013,P004,23,0,9,14.0,0.31,45.5
2026-07-08,ST014,P006,43,0,13,30.0,0.23,129.0
2026-07-08,ST014,P002,43,0,13,30.0,0.2,152.73
2026-07-08,ST014,P001,47,0,19,28.0,0.23,119.37
2026-07-08,ST015,P006,36,0,8,28.0,0.31,91.54
2026-07-08,ST015,P002,50,0,25,25.0,0.3,84.0
2026-07-08,ST015,P005,14,0,2,12.0,0.13,94.91
2026-07-09,ST001,P007,9,0,3,6.0,0.14,43.64
2026-07-09,ST001,P008,22,0,5,17.0,0.14,119.0
2026-07-09,ST001,P009,16,0,5,11.0,0.39,27.87
2026-07-09,ST002,P007,43,0,10,33.0,0.24,138.6
2026-07-09,ST002,P008,46,20,12,54.0,0.38,142.71
2026-07-09,ST002,P010,36,0,15,21.0,0.32,65.86
2026-07-09,ST003,P004,42,0,16,26.0,0.29,89.7
2026-07-09,ST003,P007,49,10,7,52.0,0.24,215.8
2026-07-09,ST003,P002,20,0,3,17.0,0.15,112.82
2026-07-09,ST004,P001,13,20,0,33.0,0.24,138.6
2026-07-09,ST004,P006,28,10,13,25.0,0.19,131.25
2026-07-09,ST004,P008,13,0,1,12.0,0.13,93.6
2026-07-09,ST005,P009,18,10,0,28.0,0.2,136.71
2026-07-09,ST005,P007,12,20,5,27.0,0.21,126.56
2026-07-09,ST005,P004,6,0,3,3.0,0.31,9.56
2026-07-09,ST006,P002,43,10,0,53.0,0.31,171.72
2026-07-09,ST006,P010,14,0,1,13.0,0.22,59.65
2026-07-09,ST006,P008,31,0,5,26.0,0.23,114.4
2026-07-09,ST007,P003,35,0,10,25.0,0.09,271.43
2026-07-09,ST007,P009,46,0,9,37.0,0.25,149.68
2026-07-09,ST007,P005,8,10,0,18.0,0.22,81.9
2026-07-09,ST008,P003,5,0,1,4.0,0.36,11.26
2026-07-09,ST008,P009,34,0,8,26.0,0.2,131.73
2026-07-09,ST008,P010,37,0,7,30.0,0.12,240.0
2026-07-09,ST009,P003,38,0,4,34.0,0.51,66.42
2026-07-09,ST009,P005,30,0,7,23.0,0.23,99.67
2026-07-09,ST009,P002,40,0,2,38.0,0.33,116.62
2026-07-09,ST010,P008,46,0,12,34.0,0.36,94.07
2026-07-09,ST010,P010,28,0,3,25.0,0.22,112.5
2026-07-09,ST010,P006,11,0,4,7.0,0.7,10.06
2026-07-09,ST011,P006,23,0,1,22.0,0.42,52.15
2026-07-09,ST011,P001,43,0,9,34.0,0.38,90.67
2026-07-09,ST011,P004,17,0,0,17.0,0.21,81.22
2026-07-09,ST012,P002,7,0,0,7.0,0.23,30.58
2026-07-09,ST012,P001,5,20,1,24.0,0.33,72.0
2026-07-09,ST012,P008,37,0,12,25.0,0.41,61.54
2026-07-09,ST013,P003,31,10,3,38.0,0.29,132.17
2026-07-09,ST013,P002,14,0,6,8.0,0.3,27.05
2026-07-09,ST013,P006,7,0,1,6.0,0.24,24.6
2026-07-09,ST014,P002,18,10,2,26.0,0.2,132.36
2026-07-09,ST014,P010,15,20,5,30.0,0.37,81.43
2026-07-09,ST014,P004,13,0,2,11.0,0.24,46.32
2026-07-09,ST015,P007,20,0,9,11.0,0.23,48.81
2026-07-09,ST015,P001,14,0,7,7.0,0.34,20.55
2026-07-09,ST015,P010,5,0,1,4.0,0.31,12.94
2026-07-10,ST001,P002,34,0,9,25.0,0.12,212.5
2026-07-10,ST001,P008,22,0,5,17.0,0.14,119.0
2026-07-10,ST001,P010,16,0,7,9.0,0.22,41.82
2026-07-10,ST002,P008,46,20,3,63.0,0.38,166.5
2026-07-10,ST002,P005,36,0,9,27.0,0.18,146.57
2026-07-10,ST002,P010,44,20,4,60.0,0.32,188.18
2026-07-10,ST003,P009,10,0,4,6.0,0.15,39.5
2026-07-10,ST003,P006,48,0,20,28.0,0.35,80.89
2026-07-10,ST003,P010,20,0,8,12.0,0.2,59.14
2026-07-10,ST004,P002,15,0,1,14.0,0.14,102.67
2026-07-10,ST004,P005,34,0,11,23.0,0.27,84.0
2026-07-10,ST004,P007,46,0,14,32.0,0.56,57.6
2026-07-10,ST005,P003,32,0,10,22.0,0.33,67.63
2026-07-10,ST005,P002,26,20,7,39.0,0.31,126.0
2026-07-10,ST005,P007,35,0,14,21.0,0.21,98.44
2026-07-10,ST006,P003,45,0,18,27.0,0.22,121.5
2026-07-10,ST006,P008,43,0,1,42.0,0.23,184.8
2026-07-10,ST006,P010,28,0,7,21.0,0.22,96.35
2026-07-10,ST007,P004,22,0,2,20.0,0.1,192.5
2026-07-10,ST007,P001,9,0,0,9.0,0.22,40.5
2026-07-10,ST007,P007,50,0,13,37.0,0.35,105.95
2026-07-10,ST008,P005,10,10,3,17.0,0.25,68.85
2026-07-10,ST008,P003,24,0,5,19.0,0.36,53.48
2026-07-10,ST008,P001,35,0,5,30.0,0.2,150.0
2026-07-10,ST009,P007,5,0,2,3.0,0.23,13.26
2026-07-10,ST009,P006,47,0,4,43.0,0.42,101.53
2026-07-10,ST009,P010,25,0,7,18.0,0.38,48.0
2026-07-10,ST010,P008,48,0,16,32.0,0.36,88.53
2026-07-10,ST010,P006,33,20,4,49.0,0.7,70.44
2026-07-10,ST010,P002,45,20,3,62.0,0.18,347.2
2026-07-10,ST011,P004,43,0,11,32.0,0.21,152.89
2026-07-10,ST011,P007,17,20,0,37.0,0.18,204.73
2026-07-10,ST011,P003,28,0,14,14.0,0.22,64.56
2026-07-10,ST012,P002,31,0,11,20.0,0.23,87.37
2026-07-10,ST012,P008,32,0,10,22.0,0.41,54.15
2026-07-10,ST012,P009,16,0,5,11.0,0.19,56.69
2026-07-10,ST013,P010,29,0,10,19.0,0.33,57.63
2026-07-10,ST013,P003,32,0,3,29.0,0.29,100.87
2026-07-10,ST013,P007,11,0,0,11.0,0.17,66.0
2026-07-10,ST014,P007,44,20,3,61.0,0.26,237.9
2026-07-10,ST014,P002,37,0,1,36.0,0.2,183.27
2026-07-10,ST014,P008,31,0,14,17.0,0.23,73.67
2026-07-10,ST015,P002,12,0,6,6.0,0.3,20.16
2026-07-10,ST015,P004,31,20,12,39.0,0.24,159.55
2026-07-10,ST015,P008,28,0,8,20.0,0.36,55.17
2026-07-11,ST001,P005,48,0,13,35.0,0.23,152.35
2026-07-11,ST001,P010,6,0,2,4.0,0.22,18.59
2026-07-11,ST001,P007,38,10,19,29.0,0.14,210.91
2026-07-11,ST002,P003,40,20,6,54.0,0.2,266.62
2026-07-11,ST002,P007,30,10,13,27.0,0.24,113.4
2026-07-11,ST002,P004,45,0,5,40.0,0.21,188.57
2026-07-11,ST003,P006,32,0,4,28.0,0.35,80.89
2026-07-11,ST003,P009,45,0,12,33.0,0.15,217.25
2026-07-11,ST003,P003,45,20,17,48.0,0.25,189.47
2026-07-11,ST004,P006,10,0,0,10.0,0.19,52.5
2026-07-11,ST004,P004,42,0,19,23.0,0.15,156.82
2026-07-11,ST004,P002,10,0,0,10.0,0.14,73.33
2026-07-11,ST005,P003,16,0,3,13.0,0.33,39.96
2026-07-11,ST005,P008,39,10,12,37.0,0.27,135.67
2026-07-11,ST005,P006,47,0,2,45.0,0.16,287.31
2026-07-11,ST006,P001,34,20,3,51.0,0.28,185.21
2026-07-11,ST006,P002,23,0,2,21.0,0.31,68.04
2026-07-11,ST006,P009,36,10,6,40.0,0.19,210.0
2026-07-11,ST007,P008,9,0,0,9.0,0.2,45.82
2026-07-11,ST007,P001,31,0,10,21.0,0.22,94.5
2026-07-11,ST007,P007,33,10,5,38.0,0.35,108.82
2026-07-11,ST008,P003,26,20,7,39.0,0.36,109.78
2026-07-11,ST008,P001,43,0,5,38.0,0.2,190.0
2026-07-11,ST008,P002,21,20,3,38.0,0.1,380.0
2026-07-11,ST009,P009,18,10,1,27.0,0.09,293.14
2026-07-11,ST009,P001,6,0,1,5.0,0.2,25.33
2026-07-11,ST009,P003,49,20,8,61.0,0.51,119.16
2026-07-11,ST010,P004,50,0,9,41.0,0.2,205.0
2026-07-11,ST010,P002,36,0,12,24.0,0.18,134.4
2026-07-11,ST010,P006,21,0,10,11.0,0.7,15.81
2026-07-11,ST011,P005,42,0,18,24.0,0.33,72.0
2026-07-11,ST011,P007,18,20,7,31.0,0.18,171.53
2026-07-11,ST011,P002,33,0,8,25.0,0.36,70.0
2026-07-11,ST012,P010,32,0,11,21.0,0.19,110.25
2026-07-11,ST012,P002,45,10,14,41.0,0.23,179.11
2026-07-11,ST012,P007,7,20,2,25.0,0.2,125.0
2026-07-11,ST013,P005,30,0,5,25.0,0.28,90.62
2026-07-11,ST013,P009,32,0,11,21.0,0.28,74.55
2026-07-11,ST013,P006,18,0,5,13.0,0.24,53.3
2026-07-11,ST014,P006,25,0,11,14.0,0.23,60.2
2026-07-11,ST014,P002,34,0,10,24.0,0.2,122.18
2026-07-11,ST014,P001,40,0,9,31.0,0.23,132.16
2026-07-11,ST015,P009,40,0,19,21.0,0.32,66.23
2026-07-11,ST015,P004,47,0,20,27.0,0.24,110.45
2026-07-11,ST015,P002,32,0,10,22.0,0.3,73.92
2026-07-12,ST001,P001,7,20,3,24.0,0.07,340.8
2026-07-12,ST001,P008,33,0,10,23.0,0.14,161.0
2026-07-12,ST001,P009,20,0,4,16.0,0.39,40.53
2026-07-12,ST002,P010,23,0,6,17.0,0.32,53.32
2026-07-12,ST002,P001,39,20,1,58.0,0.23,257.38
2026-07-12,ST002,P008,6,0,0,6.0,0.38,15.86
2026-07-12,ST003,P007,25,0,6,19.0,0.24,78.85
2026-07-12,ST003,P005,25,0,0,25.0,0.16,153.85
2026-07-12,ST003,P009,49,20,15,54.0,0.15,355.5
2026-07-12,ST004,P002,6,0,0,6.0,0.14,44.0
2026-07-12,ST004,P006,25,10,11,24.0,0.19,126.0
2026-07-12,ST004,P010,15,0,5,10.0,0.22,45.38
2026-07-12,ST005,P009,21,10,0,31.0,0.2,151.35
2026-07-12,ST005,P001,24,0,5,19.0,0.2,93.88
2026-07-12,ST005,P010,29,0,2,27.0,0.19,145.12
2026-07-12,ST006,P010,13,0,1,12.0,0.22,55.06
2026-07-12,ST006,P008,31,0,3,28.0,0.23,123.2
2026-07-12,ST006,P002,20,0,10,10.0,0.31,32.4
2026-07-12,ST007,P005,19,0,4,15.0,0.22,68.25
2026-07-12,ST007,P006,27,0,13,14.0,0.31,45.5
2026-07-12,ST007,P008,46,0,6,40.0,0.2,203.64
2026-07-12,ST008,P002,18,0,3,15.0,0.1,150.0
2026-07-12,ST008,P008,29,0,1,28.0,0.18,160.0
2026-07-12,ST008,P001,42,0,16,26.0,0.2,130.0
2026-07-12,ST009,P005,37,0,4,33.0,0.23,143.0
2026-07-12,ST009,P008,28,0,7,21.0,0.21,98.0
2026-07-12,ST009,P003,37,0,12,25.0,0.51,48.84
2026-07-12,ST010,P005,48,0,18,30.0,0.45,66.0
2026-07-12,ST010,P007,14,0,1,13.0,0.3,43.73
2026-07-12,ST010,P003,20,0,7,13.0,0.19,69.73
2026-07-12,ST011,P001,27,0,8,19.0,0.38,50.67
2026-07-12,ST011,P008,32,0,12,20.0,0.29,69.57
2026-07-12,ST011,P009,37,0,14,23.0,0.19,119.31
2026-07-12,ST012,P002,32,0,6,26.0,0.23,113.58
2026-07-12,ST012,P001,43,0,19,24.0,0.33,72.0
2026-07-12,ST012,P007,32,0,1,31.0,0.2,155.0
2026-07-12,ST013,P002,8,10,4,14.0,0.3,47.33
2026-07-12,ST013,P004,9,0,2,7.0,0.31,22.75
2026-07-12,ST013,P010,44,0,12,32.0,0.33,97.07
2026-07-12,ST014,P002,36,0,6,30.0,0.2,152.73
2026-07-12,ST014,P004,23,0,4,19.0,0.24,80.0
2026-07-12,ST014,P005,11,0,5,6.0,0.18,33.69
2026-07-12,ST015,P005,25,0,2,23.0,0.13,181.91
2026-07-12,ST015,P004,34,0,0,34.0,0.24,139.09
2026-07-12,ST015,P003,32,0,5,27.0,0.15,180.69
2026-07-13,ST001,P002,43,0,15,28.0,0.12,238.0
2026-07-13,ST001,P003,36,10,15,31.0,0.25,124.0
2026-07-13,ST001,P001,6,0,2,4.0,0.07,56.8
2026-07-13,ST002,P009,14,0,1,13.0,0.28,46.04
2026-07-13,ST002,P010,26,0,11,15.0,0.32,47.05
2026-07-13,ST002,P003,39,0,15,24.0,0.2,118.5
2026-07-13,ST003,P008,24,0,8,16.0,0.32,50.37
2026-07-13,ST003,P001,43,0,8,35.0,0.14,254.55
2026-07-13,ST003,P006,45,0,13,32.0,0.35,92.44
2026-07-13,ST004,P003,6,0,3,3.0,0.15,20.4
2026-07-13,ST004,P006,10,0,3,7.0,0.19,36.75
2026-07-13,ST004,P008,22,10,10,22.0,0.13,171.6
2026-07-13,ST005,P008,21,20,5,36.0,0.27,132.0
2026-07-13,ST005,P009,30,0,8,22.0,0.2,107.41
2026-07-13,ST005,P003,7,0,2,5.0,0.33,15.37
2026-07-13,ST006,P002,41,20,11,50.0,0.31,162.0
2026-07-13,ST006,P007,5,0,2,3.0,0.48,6.25
2026-07-13,ST006,P008,48,0,9,39.0,0.23,171.6
2026-07-13,ST007,P003,23,0,4,19.0,0.09,206.29
2026-07-13,ST007,P005,7,0,0,7.0,0.22,31.85
2026-07-13,ST007,P008,24,0,5,19.0,0.2,96.73
2026-07-13,ST008,P001,13,0,2,11.0,0.2,55.0
2026-07-13,ST008,P010,37,0,17,20.0,0.12,160.0
2026-07-13,ST008,P005,10,0,1,9.0,0.25,36.45
2026-07-13,ST009,P004,23,0,7,16.0,0.25,63.24
2026-07-13,ST009,P007,20,10,10,20.0,0.23,88.42
2026-07-13,ST009,P002,30,20,3,47.0,0.33,144.24
2026-07-13,ST010,P005,41,0,10,31.0,0.45,68.2
2026-07-13,ST010,P010,13,0,1,12.0,0.22,54.0
2026-07-13,ST010,P003,31,0,9,22.0,0.19,118.0
2026-07-13,ST011,P005,29,0,13,16.0,0.33,48.0
2026-07-13,ST011,P008,13,0,5,8.0,0.29,27.83
2026-07-13,ST011,P003,48,0,14,34.0,0.22,156.78
2026-07-13,ST012,P008,34,0,17,17.0,0.41,41.85
2026-07-13,ST012,P007,31,0,4,27.0,0.2,135.0
2026-07-13,ST012,P009,24,0,9,15.0,0.19,77.31
2026-07-13,ST013,P003,8,0,3,5.0,0.29,17.39
2026-07-13,ST013,P009,47,0,16,31.0,0.28,110.05
2026-07-13,ST013,P005,8,0,2,6.0,0.28,21.75
2026-07-13,ST014,P002,23,0,11,12.0,0.2,61.09
2026-07-13,ST014,P006,8,0,4,4.0,0.23,17.2
2026-07-13,ST014,P010,50,0,6,44.0,0.37,119.43
2026-07-13,ST015,P009,19,10,2,27.0,0.32,85.15
2026-07-13,ST015,P008,24,0,0,24.0,0.36,66.21
2026-07-13,ST015,P003,44,0,3,41.0,0.15,274.38
2026-07-14,ST001,P003,20,0,7,13.0,0.25,52.0
2026-07-14,ST001,P002,37,0,1,36.0,0.12,306.0
2026-07-14,ST001,P009,24,0,2,22.0,0.39,55.73
2026-07-14,ST002,P009,47,0,13,34.0,0.28,120.42
2026-07-14,ST002,P005,6,0,1,5.0,0.18,27.14
2026-07-14,ST002,P008,49,0,15,34.0,0.38,89.86
2026-07-14,ST003,P005,28,0,6,22.0,0.16,135.38
2026-07-14,ST003,P002,11,0,3,8.0,0.15,53.09
2026-07-14,ST003,P008,23,0,9,14.0,0.32,44.07
2026-07-14,ST004,P010,46,0,21,25.0,0.22,113.46
2026-07-14,ST004,P005,7,20,2,25.0,0.27,91.3
2026-07-14,ST004,P001,34,10,14,30.0,0.24,126.0
2026-07-14,ST005,P003,27,20,8,39.0,0.33,119.89
2026-07-14,ST005,P006,9,0,1,8.0,0.16,51.08
2026-07-14,ST005,P004,41,0,4,37.0,0.31,117.85
2026-07-14,ST006,P005,46,0,15,31.0,0.45,68.38
2026-07-14,ST006,P007,16,0,8,8.0,0.48,16.67
2026-07-14,ST006,P002,38,0,10,28.0,0.31,90.72
2026-07-14,ST007,P010,9,0,1,8.0,0.21,38.22
2026-07-14,ST007,P006,47,0,21,26.0,0.31,84.5
2026-07-14,ST007,P007,19,20,3,36.0,0.35,103.09
2026-07-14,ST008,P003,9,0,2,7.0,0.36,19.7
2026-07-14,ST008,P007,9,0,2,7.0,0.17,42.0
2026-07-14,ST008,P009,6,20,2,24.0,0.2,121.6
2026-07-14,ST009,P008,45,0,6,39.0,0.21,182.0
2026-07-14,ST009,P007,36,0,9,27.0,0.23,119.37
2026-07-14,ST009,P003,15,0,3,12.0,0.51,23.44
2026-07-14,ST010,P001,7,10,0,17.0,0.19,88.4
2026-07-14,ST010,P002,31,0,2,29.0,0.18,162.4
2026-07-14,ST010,P004,48,0,23,25.0,0.2,125.0
2026-07-14,ST011,P008,41,10,16,35.0,0.29,121.74
2026-07-14,ST011,P004,44,10,4,50.0,0.21,238.89
2026-07-14,ST011,P009,33,0,12,21.0,0.19,108.94
2026-07-14,ST012,P010,38,0,3,35.0,0.19,183.75
2026-07-14,ST012,P002,8,0,2,6.0,0.23,26.21
2026-07-14,ST012,P003,23,20,4,39.0,0.28,138.12
2026-07-14,ST013,P006,23,0,9,14.0,0.24,57.4
2026-07-14,ST013,P002,38,20,16,42.0,0.3,142.0
2026-07-14,ST013,P003,44,0,22,22.0,0.29,76.52
2026-07-14,ST014,P010,46,0,10,36.0,0.37,97.71
2026-07-14,ST014,P008,17,0,0,17.0,0.23,73.67
2026-07-14,ST014,P005,40,10,10,40.0,0.18,224.62
2026-07-14,ST015,P001,9,10,4,15.0,0.34,44.03
2026-07-14,ST015,P004,49,10,1,58.0,0.24,237.27
2026-07-14,ST015,P008,9,20,4,25.0,0.36,68.97
2026-07-15,ST001,P002,13,0,0,13.0,0.12,110.5
2026-07-15,ST001,P009,36,0,11,25.0,0.39,63.33
2026-07-15,ST001,P008,24,0,3,21.0,0.14,147.0
2026-07-15,ST002,P001,39,0,12,27.0,0.23,119.81
2026-07-15,ST002,P010,6,0,0,6.0,0.32,18.82
2026-07-15,ST002,P004,29,0,6,23.0,0.21,108.43
2026-07-15,ST003,P009,33,0,11,22.0,0.15,144.83
2026-07-15,ST003,P003,26,0,0,26.0,0.25,102.63
2026-07-15,ST003,P002,10,0,1,9.0,0.15,59.73
2026-07-15,ST004,P009,20,10,1,29.0,0.39,74.11
2026-07-15,ST004,P001,33,0,1,32.0,0.24,134.4
2026-07-15,ST004,P010,43,0,7,36.0,0.22,163.38
2026-07-15,ST005,P003,47,0,2,45.0,0.33,138.33
2026-07-15,ST005,P007,39,0,11,28.0,0.21,131.25
2026-07-15,ST005,P008,19,0,4,15.0,0.27,55.0
2026-07-15,ST006,P009,38,10,10,38.0,0.19,199.5
2026-07-15,ST006,P005,37,0,11,26.0,0.45,57.35
2026-07-15,ST006,P004,50,20,15,55.0,0.16,339.17
2026-07-15,ST007,P004,24,0,3,21.0,0.1,202.12
2026-07-15,ST007,P003,14,0,3,11.0,0.09,119.43
2026-07-15,ST007,P010,46,0,3,43.0,0.21,205.44
2026-07-15,ST008,P001,42,0,2,40.0,0.2,200.0
2026-07-15,ST008,P005,44,0,0,44.0,0.25,178.2
2026-07-15,ST008,P009,29,0,3,26.0,0.2,131.73
2026-07-15,ST009,P003,47,0,17,30.0,0.51,58.6
2026-07-15,ST009,P007,6,20,2,24.0,0.23,106.11
2026-07-15,ST009,P001,21,10,9,22.0,0.2,111.47
2026-07-15,ST010,P001,32,0,1,31.0,0.19,161.2
2026-07-15,ST010,P006,40,0,9,31.0,0.7,44.56
2026-07-15,ST010,P007,39,0,18,21.0,0.3,70.64
2026-07-15,ST011,P009,29,0,14,15.0,0.19,77.81
2026-07-15,ST011,P005,5,0,2,3.0,0.33,9.0
2026-07-15,ST011,P003,10,20,4,26.0,0.22,119.89
2026-07-15,ST012,P010,44,0,8,36.0,0.19,189.0
2026-07-15,ST012,P007,46,10,19,37.0,0.2,185.0
2026-07-15,ST012,P001,24,0,5,19.0,0.33,57.0
2026-07-15,ST013,P003,6,0,3,3.0,0.29,10.43
2026-07-15,ST013,P008,27,0,13,14.0,0.28,50.4
2026-07-15,ST013,P009,31,0,2,29.0,0.28,102.95
2026-07-15,ST014,P010,9,0,2,7.0,0.37,19.0
2026-07-15,ST014,P009,22,0,7,15.0,0.4,37.5
2026-07-15,ST014,P006,45,0,19,26.0,0.23,111.8
2026-07-15,ST015,P004,16,0,7,9.0,0.24,36.82
2026-07-15,ST015,P002,7,0,1,6.0,0.3,20.16
2026-07-15,ST015,P001,50,20,8,62.0,0.34,182.0
2026-07-16,ST001,P006,43,0,3,40.0,0.18,218.67
2026-07-16,ST001,P009,33,0,2,31.0,0.39,78.53
2026-07-16,ST001,P001,25,0,10,15.0,0.07,213.0
2026-07-16,ST002,P007,6,0,2,4.0,0.24,16.8
2026-07-16,ST002,P005,31,10,11,30.0,0.18,162.86
2026-07-16,ST002,P003,23,0,2,21.0,0.2,103.69
2026-07-16,ST003,P005,11,0,2,9.0,0.16,55.38
2026-07-16,ST003,P003,37,0,11,26.0,0.25,102.63
2026-07-16,ST003,P001,29,10,0,39.0,0.14,283.64
2026-07-16,ST004,P003,9,20,1,28.0,0.15,190.4
2026-07-16,ST004,P007,41,0,13,28.0,0.56,50.4
2026-07-16,ST004,P002,12,10,4,18.0,0.14,132.0
2026-07-16,ST005,P010,25,0,9,16.0,0.19,86.0
2026-07-16,ST005,P008,20,0,5,15.0,0.27,55.0
2026-07-16,ST005,P009,25,0,1,24.0,0.2,117.18
2026-07-16,ST006,P008,10,0,4,6.0,0.23,26.4
2026-07-16,ST006,P007,28,0,9,19.0,0.48,39.58
2026-07-16,ST006,P006,31,0,4,27.0,0.18,154.29
2026-07-16,ST007,P004,43,0,9,34.0,0.1,327.25
2026-07-16,ST007,P007,12,0,3,9.0,0.35,25.77
2026-07-16,ST007,P003,14,0,3,11.0,0.09,119.43
2026-07-16,ST008,P008,12,0,6,6.0,0.18,34.29
2026-07-16,ST008,P001,35,0,4,31.0,0.2,155.0
2026-07-16,ST008,P003,32,0,5,27.0,0.36,76.0
2026-07-16,ST009,P003,32,0,12,20.0,0.51,39.07
2026-07-16,ST009,P009,20,0,1,19.0,0.09,206.29
2026-07-16,ST009,P007,26,0,9,17.0,0.23,75.16
2026-07-16,ST010,P001,33,20,14,39.0,0.19,202.8
2026-07-16,ST010,P002,32,0,15,17.0,0.18,95.2
2026-07-16,ST010,P006,16,0,8,8.0,0.7,11.5
2026-07-16,ST011,P001,29,0,2,27.0,0.38,72.0
2026-07-16,ST011,P006,42,0,3,39.0,0.42,92.44
2026-07-16,ST011,P008,36,0,18,18.0,0.29,62.61
2026-07-16,ST012,P009,23,0,5,18.0,0.19,92.77
2026-07-16,ST012,P010,14,0,3,11.0,0.19,57.75
2026-07-16,ST012,P007,22,0,9,13.0,0.2,65.0
2026-07-16,ST013,P006,12,0,3,9.0,0.24,36.9
2026-07-16,ST013,P005,15,0,4,11.0,0.28,39.88
2026-07-16,ST013,P003,11,20,5,26.0,0.29,90.43
2026-07-16,ST014,P002,6,0,0,6.0,0.2,30.55
2026-07-16,ST014,P004,39,0,6,33.0,0.24,138.95
2026-07-16,ST014,P003,6,0,2,4.0,0.08,52.0
2026-07-16,ST015,P010,38,0,14,24.0,0.31,77.65
2026-07-16,ST015,P007,12,0,6,6.0,0.23,26.62
2026-07-16,ST015,P008,32,0,2,30.0,0.36,82.76
2026-07-17,ST001,P005,10,0,1,9.0,0.23,39.18
2026-07-17,ST001,P002,25,0,5,20.0,0.12,170.0
2026-07-17,ST001,P006,45,0,21,24.0,0.18,131.2
2026-07-17,ST002,P006,11,20,4,27.0,0.18,152.36
2026-07-17,ST002,P001,40,0,20,20.0,0.23,88.75
2026-07-17,ST002,P007,45,0,7,38.0,0.24,159.6
2026-07-17,ST003,P007,21,0,7,14.0,0.24,58.1
2026-07-17,ST003,P004,36,0,6,30.0,0.29,103.5
2026-07-17,ST003,P009,10,20,5,25.0,0.15,164.58
2026-07-17,ST004,P001,36,0,6,30.0,0.24,126.0
2026-07-17,ST004,P007,7,0,2,5.0,0.56,9.0
2026-07-17,ST004,P002,45,0,20,25.0,0.14,183.33
2026-07-17,ST005,P009,19,10,7,22.0,0.2,107.41
2026-07-17,ST005,P003,45,0,11,34.0,0.33,104.52
2026-07-17,ST005,P005,23,0,1,22.0,0.2,110.0
2026-07-17,ST006,P005,25,0,6,19.0,0.45,41.91
2026-07-17,ST006,P007,34,20,3,51.0,0.48,106.25
2026-07-17,ST006,P008,30,0,15,15.0,0.23,66.0
2026-07-17,ST007,P008,6,0,1,5.0,0.2,25.45
2026-07-17,ST007,P007,31,0,10,21.0,0.35,60.14
2026-07-17,ST007,P004,25,0,12,13.0,0.1,125.12
2026-07-17,ST008,P007,22,0,3,19.0,0.17,114.0
2026-07-17,ST008,P005,7,0,3,4.0,0.25,16.2
2026-07-17,ST008,P001,15,0,1,14.0,0.2,70.0
2026-07-17,ST009,P010,43,0,0,43.0,0.38,114.67
2026-07-17,ST009,P006,10,0,2,8.0,0.42,18.89
2026-07-17,ST009,P003,40,0,1,39.0,0.51,76.19
2026-07-17,ST010,P006,15,10,6,19.0,0.7,27.31
2026-07-17,ST010,P009,19,0,2,17.0,0.1,174.86
2026-07-17,ST010,P004,26,0,8,18.0,0.2,90.0
2026-07-17,ST011,P001,38,0,12,26.0,0.38,69.33
2026-07-17,ST011,P010,7,0,2,5.0,0.15,33.75
2026-07-17,ST011,P009,45,0,7,38.0,0.19,197.12
2026-07-17,ST012,P002,13,10,2,21.0,0.23,91.74
2026-07-17,ST012,P007,9,0,3,6.0,0.2,30.0
2026-07-17,ST012,P009,39,0,4,35.0,0.19,180.38
2026-07-17,ST013,P010,43,10,10,43.0,0.33,130.43
2026-07-17,ST013,P007,6,0,3,3.0,0.17,18.0
2026-07-17,ST013,P004,21,20,9,32.0,0.31,104.0
2026-07-17,ST014,P005,19,20,8,31.0,0.18,174.08
2026-07-17,ST014,P007,23,20,8,35.0,0.26,136.5
2026-07-17,ST014,P002,29,0,7,22.0,0.2,112.0
2026-07-17,ST015,P006,33,0,0,33.0,0.31,107.88
2026-07-17,ST015,P009,19,0,7,12.0,0.32,37.85
2026-07-17,ST015,P002,46,0,4,42.0,0.3,141.12
2026-07-18,ST001,P002,18,10,7,21.0,0.12,178.5
2026-07-18,ST001,P010,10,0,4,6.0,0.22,27.88
2026-07-18,ST001,P003,38,0,18,20.0,0.25,80.0
2026-07-18,ST002,P001,31,0,10,21.0,0.23,93.19
2026-07-18,ST002,P008,7,0,3,4.0,0.38,10.57
2026-07-18,ST002,P005,22,0,8,14.0,0.18,76.0
2026-07-18,ST003,P009,46,0,14,32.0,0.15,210.67
2026-07-18,ST003,P008,37,0,2,35.0,0.32,110.19
2026-07-18,ST003,P006,32,0,12,20.0,0.35,57.78
2026-07-18,ST004,P001,15,0,1,14.0,0.24,58.8
2026-07-18,ST004,P003,32,0,16,16.0,0.15,108.8
2026-07-18,ST004,P002,40,0,0,40.0,0.14,293.33
2026-07-18,ST005,P007,38,0,11,27.0,0.21,126.56
2026-07-18,ST005,P005,15,0,3,12.0,0.2,60.0
2026-07-18,ST005,P009,50,0,19,31.0,0.2,151.35
2026-07-18,ST006,P008,13,0,5,8.0,0.23,35.2
2026-07-18,ST006,P004,5,0,0,5.0,0.16,30.83
2026-07-18,ST006,P006,9,20,0,29.0,0.18,165.71
2026-07-18,ST007,P004,39,0,3,36.0,0.1,346.5
2026-07-18,ST007,P010,34,0,2,32.0,0.21,152.89
2026-07-18,ST007,P002,40,10,11,39.0,0.36,109.2
2026-07-18,ST008,P004,32,0,9,23.0,0.26,89.7
2026-07-18,ST008,P005,30,20,6,44.0,0.25,178.2
2026-07-18,ST008,P009,14,0,3,11.0,0.2,55.73
2026-07-18,ST009,P005,38,0,12,26.0,0.23,112.67
2026-07-18,ST009,P002,42,0,19,23.0,0.33,70.59
2026-07-18,ST009,P003,35,0,0,35.0,0.51,68.37
2026-07-18,ST010,P004,14,0,0,14.0,0.2,70.0
2026-07-18,ST010,P002,8,0,3,5.0,0.18,28.0
2026-07-18,ST010,P003,35,0,16,19.0,0.19,101.91
2026-07-18,ST011,P004,29,0,11,18.0,0.21,86.0
2026-07-18,ST011,P009,24,10,5,29.0,0.19,150.44
2026-07-18,ST011,P007,43,10,5,48.0,0.18,265.6
2026-07-18,ST012,P005,40,0,8,32.0,0.3,107.08
2026-07-18,ST012,P003,40,10,20,30.0,0.28,106.25
2026-07-18,ST012,P007,6,10,3,13.0,0.2,65.0
2026-07-18,ST013,P006,44,0,6,38.0,0.24,155.8
2026-07-18,ST013,P007,16,20,0,36.0,0.17,216.0
2026-07-18,ST013,P004,28,0,0,28.0,0.31,91.0
2026-07-18,ST014,P006,21,0,0,21.0,0.23,90.3
2026-07-18,ST014,P002,7,0,3,4.0,0.2,20.36
2026-07-18,ST014,P010,49,0,8,41.0,0.37,111.29
2026-07-18,ST015,P010,43,0,15,28.0,0.31,90.59
2026-07-18,ST015,P001,46,0,3,43.0,0.34,126.23
2026-07-18,ST015,P008,6,0,1,5.0,0.36,13.79
2026-07-19,ST001,P003,31,10,3,38.0,0.25,152.0
2026-07-19,ST001,P010,45,0,10,35.0,0.22,162.65
2026-07-19,ST001,P002,39,0,6,33.0,0.12,280.5
2026-07-19,ST002,P001,50,0,18,32.0,0.23,142.0
2026-07-19,ST002,P006,28,0,10,18.0,0.18,101.57
2026-07-19,ST002,P009,47,0,2,45.0,0.28,159.38
2026-07-19,ST003,P009,10,0,0,10.0,0.15,65.83
2026-07-19,ST003,P003,17,0,6,11.0,0.25,43.42
2026-07-19,ST003,P005,5,0,2,3.0,0.16,18.46
2026-07-19,ST004,P006,41,20,2,59.0,0.19,309.75
2026-07-19,ST004,P008,10,0,0,10.0,0.13,78.0
2026-07-19,ST004,P002,42,0,0,42.0,0.14,308.0
2026-07-19,ST005,P001,34,0,7,27.0,0.2,133.41
2026-07-19,ST005,P004,48,0,6,42.0,0.31,133.78
2026-07-19,ST005,P006,13,0,3,10.0,0.16,63.85
2026-07-19,ST006,P003,41,0,7,34.0,0.22,153.0
2026-07-19,ST006,P005,22,10,2,30.0,0.45,66.18
2026-07-19,ST006,P010,21,0,4,17.0,0.22,78.0
2026-07-19,ST007,P006,46,0,20,26.0,0.31,84.5
2026-07-19,ST007,P010,15,0,6,9.0,0.21,43.0
2026-07-19,ST007,P009,41,0,13,28.0,0.25,113.27
2026-07-19,ST008,P005,49,20,17,52.0,0.25,210.6
2026-07-19,ST008,P004,22,0,3,19.0,0.26,74.1
2026-07-19,ST008,P006,34,0,3,31.0,0.16,196.33
2026-07-19,ST009,P003,34,0,11,23.0,0.51,44.93
2026-07-19,ST009,P008,47,0,1,46.0,0.21,214.67
2026-07-19,ST009,P010,11,0,0,11.0,0.38,29.33
2026-07-19,ST010,P008,46,20,5,61.0,0.36,168.77
2026-07-19,ST010,P006,24,0,8,16.0,0.7,23.0
2026-07-19,ST010,P009,6,0,3,3.0,0.1,30.86
2026-07-19,ST011,P007,20,0,5,15.0,0.18,83.0
2026-07-19,ST011,P010,35,0,9,26.0,0.15,175.5
2026-07-19,ST011,P008,19,0,8,11.0,0.29,38.26
2026-07-19,ST012,P007,42,0,16,26.0,0.2,130.0
2026-07-19,ST012,P005,24,10,11,23.0,0.3,76.96
2026-07-19,ST012,P010,17,20,2,35.0,0.19,183.75
2026-07-19,ST013,P006,24,0,2,22.0,0.24,90.2
2026-07-19,ST013,P001,34,0,14,20.0,0.42,47.59
2026-07-19,ST013,P002,14,0,2,12.0,0.3,40.57
2026-07-19,ST014,P002,18,0,3,15.0,0.2,76.36
2026-07-19,ST014,P003,40,10,11,39.0,0.08,507.0
2026-07-19,ST014,P004,15,0,7,8.0,0.24,33.68
2026-07-19,ST015,P007,47,0,14,33.0,0.23,146.44
2026-07-19,ST015,P004,11,0,2,9.0,0.24,36.82
2026-07-19,ST015,P008,13,0,2,11.0,0.36,30.34
2026-07-20,ST001,P007,27,0,11,16.0,0.14,116.36
2026-07-20,ST001,P010,6,0,1,5.0,0.22,23.24
2026-07-20,ST001,P002,28,0,8,20.0,0.12,170.0
2026-07-20,ST002,P010,46,0,15,31.0,0.32,97.23
2026-07-20,ST002,P007,18,0,1,17.0,0.24,71.4
2026-07-20,ST002,P002,46,0,4,42.0,0.2,205.33
2026-07-20,ST003,P007,21,20,6,35.0,0.24,145.25
2026-07-20,ST003,P008,30,0,3,27.0,0.32,85.0
2026-07-20,ST003,P001,10,0,5,5.0,0.14,36.36
2026-07-20,ST004,P007,25,0,8,17.0,0.56,30.6
2026-07-20,ST004,P001,34,0,12,22.0,0.24,92.4
2026-07-20,ST004,P003,8,0,2,6.0,0.15,40.8
2026-07-20,ST005,P002,35,0,17,18.0,0.31,58.15
2026-07-20,ST005,P008,12,0,3,9.0,0.27,33.0
2026-07-20,ST005,P006,29,10,1,38.0,0.16,242.62
2026-07-20,ST006,P006,37,10,14,33.0,0.18,188.57
2026-07-20,ST006,P005,34,0,3,31.0,0.45,68.38
2026-07-20,ST006,P004,34,0,11,23.0,0.16,141.83
2026-07-20,ST007,P006,39,0,9,30.0,0.31,97.5
2026-07-20,ST007,P005,6,0,2,4.0,0.22,18.2
2026-07-20,ST007,P001,43,0,1,42.0,0.22,189.0
2026-07-20,ST008,P007,10,0,1,9.0,0.17,54.0
2026-07-20,ST008,P004,45,0,8,37.0,0.26,144.3
2026-07-20,ST008,P003,34,0,7,27.0,0.36,76.0
2026-07-20,ST009,P009,9,0,0,9.0,0.09,97.71
2026-07-20,ST009,P008,45,10,3,52.0,0.21,242.67
2026-07-20,ST009,P001,10,0,5,5.0,0.2,25.33
2026-07-20,ST010,P007,16,20,4,32.0,0.3,107.64
2026-07-20,ST010,P010,10,10,3,17.0,0.22,76.5
2026-07-20,ST010,P001,17,0,4,13.0,0.19,67.6
2026-07-20,ST011,P009,28,0,3,25.0,0.19,129.69
2026-07-20,ST011,P004,32,0,5,27.0,0.21,129.0
2026-07-20,ST011,P001,47,0,12,35.0,0.38,93.33
2026-07-20,ST012,P005,31,0,13,18.0,0.3,60.23
2026-07-20,ST012,P010,22,0,9,13.0,0.19,68.25
2026-07-20,ST012,P001,45,0,7,38.0,0.33,114.0
2026-07-20,ST013,P006,44,0,22,22.0,0.24,90.2
2026-07-20,ST013,P004,34,0,10,24.0,0.31,78.0
2026-07-20,ST013,P002,35,20,0,55.0,0.3,185.95
2026-07-20,ST014,P006,14,0,7,7.0,0.23,30.1
2026-07-20,ST014,P010,49,0,12,37.0,0.37,100.43
2026-07-20,ST014,P008,7,0,0,7.0,0.23,30.33
2026-07-20,ST015,P009,18,0,8,10.0,0.32,31.54
2026-07-20,ST015,P006,23,0,7,16.0,0.31,52.31
2026-07-20,ST015,P002,6,0,1,5.0,0.3,16.8
2026-07-21,ST001,P010,6,0,2,4.0,0.22,18.59
2026-07-21,ST001,P007,36,20,12,44.0,0.14,320.0
2026-07-21,ST001,P009,13,0,6,7.0,0.39,17.73
2026-07-21,ST002,P007,12,0,1,11.0,0.24,46.2
2026-07-21,ST002,P004,30,0,11,19.0,0.21,89.57
2026-07-21,ST002,P009,31,20,8,43.0,0.28,152.29
2026-07-21,ST003,P006,37,0,12,25.0,0.35,72.22
2026-07-21,ST003,P002,30,0,14,16.0,0.15,106.18
2026-07-21,ST003,P010,33,0,5,28.0,0.2,138.0
2026-07-21,ST004,P001,34,0,3,31.0,0.24,130.2
2026-07-21,ST004,P009,46,0,13,33.0,0.39,84.33
2026-07-21,ST004,P006,45,0,7,38.0,0.19,199.5
2026-07-21,ST005,P010,43,0,13,30.0,0.19,161.25
2026-07-21,ST005,P009,25,0,2,23.0,0.2,112.29
2026-07-21,ST005,P002,35,0,11,24.0,0.31,77.54
2026-07-21,ST006,P010,15,0,3,12.0,0.22,55.06
2026-07-21,ST006,P007,50,20,10,60.0,0.48,125.0
2026-07-21,ST006,P004,9,10,1,18.0,0.16,111.0
2026-07-21,ST007,P008,20,0,7,13.0,0.2,66.18
2026-07-21,ST007,P004,12,10,6,16.0,0.1,154.0
2026-07-21,ST007,P010,15,0,1,14.0,0.21,66.89
2026-07-21,ST008,P001,29,0,6,23.0,0.2,115.0
2026-07-21,ST008,P007,50,0,22,28.0,0.17,168.0
2026-07-21,ST008,P008,46,20,22,44.0,0.18,251.43
2026-07-21,ST009,P008,30,10,1,39.0,0.21,182.0
2026-07-21,ST009,P001,50,20,20,50.0,0.2,253.33
2026-07-21,ST009,P005,32,0,3,29.0,0.23,125.67
2026-07-21,ST010,P005,28,0,5,23.0,0.45,50.6
2026-07-21,ST010,P002,20,0,3,17.0,0.18,95.2
2026-07-21,ST010,P003,26,0,1,25.0,0.19,134.09
2026-07-21,ST011,P008,26,0,7,19.0,0.29,66.09
2026-07-21,ST011,P004,33,0,8,25.0,0.21,119.44
2026-07-21,ST011,P005,13,0,2,11.0,0.33,33.0
2026-07-21,ST012,P006,24,20,2,42.0,0.08,516.0
2026-07-21,ST012,P010,24,0,7,17.0,0.19,89.25
2026-07-21,ST012,P005,14,0,2,12.0,0.3,40.15
2026-07-21,ST013,P005,45,0,6,39.0,0.28,141.38
2026-07-21,ST013,P007,14,0,4,10.0,0.17,60.0
2026-07-21,ST013,P010,37,0,16,21.0,0.33,63.7
2026-07-21,ST014,P010,46,0,16,30.0,0.37,81.43
2026-07-21,ST014,P003,28,0,14,14.0,0.08,182.0
2026-07-21,ST014,P006,15,10,7,18.0,0.23,77.4
2026-07-21,ST015,P007,26,0,3,23.0,0.23,102.06
2026-07-21,ST015,P001,22,0,11,11.0,0.34,32.29
2026-07-21,ST015,P002,46,0,15,31.0,0.3,104.16
2026-07-22,ST001,P001,17,0,0,17.0,0.07,241.4
2026-07-22,ST001,P009,11,20,4,27.0,0.39,68.4
2026-07-22,ST001,P004,40,20,17,43.0,0.24,180.06
2026-07-22,ST002,P001,20,0,2,18.0,0.23,79.88
2026-07-22,ST002,P008,46,10,7,49.0,0.38,129.5
2026-07-22,ST002,P004,34,0,8,26.0,0.21,122.57
2026-07-22,ST003,P002,13,0,0,13.0,0.15,86.27
2026-07-22,ST003,P004,20,0,9,11.0,0.29,37.95
2026-07-22,ST003,P010,11,0,0,11.0,0.2,54.21
2026-07-22,ST004,P002,12,0,3,9.0,0.14,66.0
2026-07-22,ST004,P004,39,0,19,20.0,0.15,136.36
2026-07-22,ST004,P008,41,0,13,28.0,0.13,218.4
2026-07-22,ST005,P002,42,10,19,33.0,0.31,106.62
2026-07-22,ST005,P008,5,0,1,4.0,0.27,14.67
2026-07-22,ST005,P004,36,0,10,26.0,0.31,82.81
2026-07-22,ST006,P009,21,10,3,28.0,0.19,147.0
2026-07-22,ST006,P005,48,0,9,39.0,0.45,86.03
2026-07-22,ST006,P010,12,20,1,31.0,0.22,142.24
2026-07-22,ST007,P006,36,0,2,34.0,0.31,110.5
2026-07-22,ST007,P009,48,0,14,34.0,0.25,137.55
2026-07-22,ST007,P008,48,0,5,43.0,0.2,218.91
2026-07-22,ST008,P002,24,0,5,19.0,0.1,190.0
2026-07-22,ST008,P004,35,0,9,26.0,0.26,101.4
2026-07-22,ST008,P009,18,0,2,16.0,0.2,81.07
2026-07-22,ST009,P004,15,0,2,13.0,0.25,51.38
2026-07-22,ST009,P007,38,20,19,39.0,0.23,172.42
2026-07-22,ST009,P003,22,0,4,18.0,0.51,35.16
2026-07-22,ST010,P005,24,0,5,19.0,0.45,41.8
2026-07-22,ST010,P006,25,0,6,19.0,0.7,27.31
2026-07-22,ST010,P003,31,0,12,19.0,0.19,101.91
2026-07-22,ST011,P007,34,0,0,34.0,0.18,188.13
2026-07-22,ST011,P006,17,0,4,13.0,0.42,30.81
2026-07-22,ST011,P003,28,0,6,22.0,0.22,101.44
2026-07-22,ST012,P006,18,0,7,11.0,0.08,135.14
2026-07-22,ST012,P009,11,0,1,10.0,0.19,51.54
2026-07-22,ST012,P004,35,20,15,40.0,0.15,267.69
2026-07-22,ST013,P001,20,0,9,11.0,0.42,26.17
2026-07-22,ST013,P007,8,0,2,6.0,0.17,36.0
2026-07-22,ST013,P008,28,0,4,24.0,0.28,86.4
2026-07-22,ST014,P003,31,10,4,37.0,0.08,481.0
2026-07-22,ST014,P002,41,0,2,39.0,0.2,198.55
2026-07-22,ST014,P006,25,0,12,13.0,0.23,55.9
2026-07-22,ST015,P009,49,0,24,25.0,0.32,78.85
2026-07-22,ST015,P010,49,0,10,39.0,0.31,126.18
2026-07-22,ST015,P005,28,20,7,41.0,0.13,324.27
2026-07-23,ST001,P004,34,0,11,23.0,0.24,96.31
2026-07-23,ST001,P003,48,20,8,60.0,0.25,240.0
2026-07-23,ST001,P006,6,0,3,3.0,0.18,16.4
2026-07-23,ST002,P008,37,0,18,19.0,0.38,50.21
2026-07-23,ST002,P001,7,20,2,25.0,0.23,110.94
2026-07-23,ST002,P009,36,0,10,26.0,0.28,92.08
2026-07-23,ST003,P002,39,0,16,23.0,0.15,152.64
2026-07-23,ST003,P010,10,0,3,7.0,0.2,34.5
2026-07-23,ST003,P009,17,0,6,11.0,0.15,72.42
2026-07-23,ST004,P008,46,0,5,41.0,0.13,319.8
2026-07-23,ST004,P010,26,0,12,14.0,0.22,63.54
2026-07-23,ST004,P003,32,10,12,30.0,0.15,204.0
2026-07-23,ST005,P001,5,0,1,4.0,0.2,19.76
2026-07-23,ST005,P007,19,0,5,14.0,0.21,65.62
2026-07-23,ST005,P010,46,0,18,28.0,0.19,150.5
2026-07-23,ST006,P010,14,0,2,12.0,0.22,55.06
2026-07-23,ST006,P003,39,0,1,38.0,0.22,171.0
2026-07-23,ST006,P004,39,0,2,37.0,0.16,228.17
2026-07-23,ST007,P006,17,0,6,11.0,0.31,35.75
2026-07-23,ST007,P004,19,20,3,36.0,0.1,346.5
2026-07-23,ST007,P009,6,0,3,3.0,0.25,12.14
2026-07-23,ST008,P007,18,0,7,11.0,0.17,66.0
2026-07-23,ST008,P001,17,0,6,11.0,0.2,55.0
2026-07-23,ST008,P008,12,0,1,11.0,0.18,62.86
2026-07-23,ST009,P010,15,0,1,14.0,0.38,37.33
2026-07-23,ST009,P009,43,0,10,33.0,0.09,358.29
2026-07-23,ST009,P002,18,20,8,30.0,0.33,92.07
2026-07-23,ST010,P005,34,0,12,22.0,0.45,48.4
2026-07-23,ST010,P009,30,20,3,47.0,0.1,483.43
2026-07-23,ST010,P002,24,10,6,28.0,0.18,156.8
2026-07-23,ST011,P005,46,0,12,34.0,0.33,102.0
2026-07-23,ST011,P004,6,20,2,24.0,0.21,114.67
2026-07-23,ST011,P002,25,0,3,22.0,0.36,61.6
2026-07-23,ST012,P001,13,0,6,7.0,0.33,21.0
2026-07-23,ST012,P003,43,10,21,32.0,0.28,113.33
2026-07-23,ST012,P009,44,0,5,39.0,0.19,201.0
2026-07-23,ST013,P003,47,0,3,44.0,0.29,153.04
2026-07-23,ST013,P009,6,0,2,4.0,0.28,14.2
2026-07-23,ST013,P010,28,20,4,44.0,0.33,133.47
2026-07-23,ST014,P001,6,10,0,16.0,0.23,68.21
2026-07-23,ST014,P010,14,20,0,34.0,0.37,92.29
2026-07-23,ST014,P006,43,0,5,38.0,0.23,163.4
2026-07-23,ST015,P001,10,0,0,10.0,0.34,29.35
2026-07-23,ST015,P006,35,0,13,22.0,0.31,71.92
2026-07-23,ST015,P004,39,0,19,20.0,0.24,81.82
2026-07-24,ST001,P001,35,10,8,37.0,0.07,525.4
2026-07-24,ST001,P005,47,0,19,28.0,0.23,121.88
2026-07-24,ST001,P008,11,0,5,6.0,0.14,42.0
2026-07-24,ST002,P010,19,0,2,17.0,0.32,53.32
2026-07-24,ST002,P004,10,0,5,5.0,0.21,23.57
2026-07-24,ST002,P003,44,0,7,37.0,0.2,182.69
2026-07-24,ST003,P005,47,0,16,31.0,0.16,190.77
2026-07-24,ST003,P006,22,0,2,20.0,0.35,57.78
2026-07-24,ST003,P008,28,0,9,19.0,0.32,59.81
2026-07-24,ST004,P001,17,20,0,37.0,0.24,155.4
2026-07-24,ST004,P007,7,10,1,16.0,0.56,28.8
2026-07-24,ST004,P010,25,0,7,18.0,0.22,81.69
2026-07-24,ST005,P006,33,20,14,39.0,0.16,249.0
2026-07-24,ST005,P004,39,0,8,31.0,0.31,98.74
2026-07-24,ST005,P007,37,20,10,47.0,0.21,220.31
2026-07-24,ST006,P003,36,0,14,22.0,0.22,99.0
2026-07-24,ST006,P005,47,10,16,41.0,0.45,90.44
2026-07-24,ST006,P006,28,0,0,28.0,0.18,160.0
2026-07-24,ST007,P003,34,10,3,41.0,0.09,445.14
2026-07-24,ST007,P002,23,0,5,18.0,0.36,50.4
2026-07-24,ST007,P004,32,0,2,30.0,0.1,288.75
2026-07-24,ST008,P009,37,0,7,30.0,0.2,152.0
2026-07-24,ST008,P003,17,0,5,12.0,0.36,33.78
2026-07-24,ST008,P007,14,0,0,14.0,0.17,84.0
2026-07-24,ST009,P006,49,20,16,53.0,0.42,125.14
2026-07-24,ST009,P009,15,0,2,13.0,0.09,141.14
2026-07-24,ST009,P004,44,0,22,22.0,0.25,86.95
2026-07-24,ST010,P010,22,0,6,16.0,0.22,72.0
2026-07-24,ST010,P007,38,20,15,43.0,0.3,144.64
2026-07-24,ST010,P004,13,0,2,11.0,0.2,55.0
2026-07-24,ST011,P005,18,20,9,29.0,0.33,87.0
2026-07-24,ST011,P009,9,0,3,6.0,0.19,31.12
2026-07-24,ST011,P010,35,10,7,38.0,0.15,256.5
2026-07-24,ST012,P003,42,0,11,31.0,0.28,109.79
2026-07-24,ST012,P007,22,0,6,16.0,0.2,80.0
2026-07-24,ST012,P009,42,20,4,58.0,0.19,298.92
2026-07-24,ST013,P003,5,0,2,3.0,0.29,10.43
2026-07-24,ST013,P005,11,0,4,7.0,0.28,25.38
2026-07-24,ST013,P006,47,0,3,44.0,0.24,180.4
2026-07-24,ST014,P010,9,10,2,17.0,0.37,46.14
2026-07-24,ST014,P008,7,0,2,5.0,0.23,21.67
2026-07-24,ST014,P003,34,0,5,29.0,0.08,377.0
2026-07-24,ST015,P008,38,0,19,19.0,0.36,52.41
2026-07-24,ST015,P005,28,0,13,15.0,0.13,118.64
2026-07-24,ST015,P004,49,20,13,56.0,0.24,229.09
2026-07-25,ST001,P002,21,0,5,16.0,0.12,136.0
2026-07-25,ST001,P005,21,20,1,40.0,0.23,174.12
2026-07-25,ST001,P009,50,10,7,53.0,0.39,134.27
2026-07-25,ST002,P004,11,20,5,26.0,0.21,122.57
2026-07-25,ST002,P007,43,10,12,41.0,0.24,172.2
2026-07-25,ST002,P005,47,0,19,28.0,0.18,152.0
2026-07-25,ST003,P002,20,0,10,10.0,0.15,66.36
2026-07-25,ST003,P010,43,0,12,31.0,0.2,152.79
2026-07-25,ST003,P009,7,0,3,4.0,0.15,26.33
2026-07-25,ST004,P010,30,10,13,27.0,0.22,122.54
2026-07-25,ST004,P009,6,0,1,5.0,0.39,12.78
2026-07-25,ST004,P001,26,0,6,20.0,0.24,84.0
2026-07-25,ST005,P008,48,0,7,41.0,0.27,150.33
2026-07-25,ST005,P005,8,0,2,6.0,0.2,30.0
2026-07-25,ST005,P006,15,0,5,10.0,0.16,63.85
2026-07-25,ST006,P006,10,0,4,6.0,0.18,34.29
2026-07-25,ST006,P003,19,0,4,15.0,0.22,67.5
2026-07-25,ST006,P008,10,0,2,8.0,0.23,35.2
2026-07-25,ST007,P003,21,10,7,24.0,0.09,260.57
2026-07-25,ST007,P007,33,10,5,38.0,0.35,108.82
2026-07-25,ST007,P004,25,0,3,22.0,0.1,211.75
2026-07-25,ST008,P009,40,0,12,28.0,0.2,141.87
2026-07-25,ST008,P010,9,0,0,9.0,0.12,72.0
2026-07-25,ST008,P005,47,0,8,39.0,0.25,157.95
2026-07-25,ST009,P006,30,0,12,18.0,0.42,42.5
2026-07-25,ST009,P009,23,0,1,22.0,0.09,238.86
2026-07-25,ST009,P010,19,0,0,19.0,0.38,50.67
2026-07-25,ST010,P003,36,0,7,29.0,0.19,155.55
2026-07-25,ST010,P005,19,0,3,16.0,0.45,35.2
2026-07-25,ST010,P001,23,0,0,23.0,0.19,119.6
2026-07-25,ST011,P008,40,0,18,22.0,0.29,76.52
2026-07-25,ST011,P010,16,10,6,20.0,0.15,135.0
2026-07-25,ST011,P007,29,0,11,18.0,0.18,99.6
2026-07-25,ST012,P006,28,0,14,14.0,0.08,172.0
2026-07-25,ST012,P005,25,0,1,24.0,0.3,80.31
2026-07-25,ST012,P007,13,0,6,7.0,0.2,35.0
2026-07-25,ST013,P004,11,20,4,27.0,0.31,87.75
2026-07-25,ST013,P009,39,0,19,20.0,0.28,71.0
2026-07-25,ST013,P003,27,0,10,17.0,0.29,59.13
2026-07-25,ST014,P004,41,10,14,37.0,0.24,155.79
2026-07-25,ST014,P008,36,0,2,34.0,0.23,147.33
2026-07-25,ST014,P005,15,0,7,8.0,0.18,44.92
2026-07-25,ST015,P001,50,0,21,29.0,0.34,85.13
2026-07-25,ST015,P006,22,0,11,11.0,0.31,35.96
2026-07-25,ST015,P008,43,0,4,39.0,0.36,107.59
2026-07-26,ST001,P004,39,0,9,30.0,0.24,125.62
2026-07-26,ST001,P008,41,0,16,25.0,0.14,175.0
2026-07-26,ST001,P005,14,0,5,9.0,0.23,39.18
2026-07-26,ST002,P010,42,0,2,40.0,0.32,125.45
2026-07-26,ST002,P001,38,0,5,33.0,0.23,146.44
2026-07-26,ST002,P006,20,20,2,38.0,0.18,214.43
2026-07-26,ST003,P001,26,0,6,20.0,0.14,145.45
2026-07-26,ST003,P008,48,0,13,35.0,0.32,110.19
2026-07-26,ST003,P002,35,0,10,25.0,0.15,165.91
2026-07-26,ST004,P005,50,0,8,42.0,0.27,153.39
2026-07-26,ST004,P006,16,0,3,13.0,0.19,68.25
2026-07-26,ST004,P003,46,0,10,36.0,0.15,244.8
2026-07-26,ST005,P002,6,10,0,16.0,0.31,51.69
2026-07-26,ST005,P009,8,0,0,8.0,0.2,39.06
2026-07-26,ST005,P005,38,0,10,28.0,0.2,140.0
2026-07-26,ST006,P001,16,0,7,9.0,0.28,32.68
2026-07-26,ST006,P006,18,20,1,37.0,0.18,211.43
2026-07-26,ST006,P002,14,0,2,12.0,0.31,38.88
2026-07-26,ST007,P003,33,0,1,32.0,0.09,347.43
2026-07-26,ST007,P009,12,10,2,20.0,0.25,80.91
2026-07-26,ST007,P010,11,0,1,10.0,0.21,47.78
2026-07-26,ST008,P003,17,0,5,12.0,0.36,33.78
2026-07-26,ST008,P002,47,0,12,35.0,0.1,350.0
2026-07-26,ST008,P008,12,0,0,12.0,0.18,68.57
2026-07-26,ST009,P006,36,0,12,24.0,0.42,56.67
2026-07-26,ST009,P003,8,20,3,25.0,0.51,48.84
2026-07-26,ST009,P004,47,0,18,29.0,0.25,114.62
2026-07-26,ST010,P009,38,0,17,21.0,0.1,216.0
2026-07-26,ST010,P002,39,0,9,30.0,0.18,168.0
2026-07-26,ST010,P006,33,0,9,24.0,0.7,34.5
2026-07-26,ST011,P007,29,0,0,29.0,0.18,160.47
2026-07-26,ST011,P010,25,0,9,16.0,0.15,108.0
2026-07-26,ST011,P009,36,20,9,47.0,0.19,243.81
2026-07-26,ST012,P001,17,20,4,33.0,0.33,99.0
2026-07-26,ST012,P009,41,0,20,21.0,0.19,108.23
2026-07-26,ST012,P010,8,0,0,8.0,0.19,42.0
2026-07-26,ST013,P007,39,0,13,26.0,0.17,156.0
2026-07-26,ST013,P004,38,10,16,32.0,0.31,104.0
2026-07-26,ST013,P006,49,0,6,43.0,0.24,176.3
2026-07-26,ST014,P003,9,0,3,6.0,0.08,78.0
2026-07-26,ST014,P004,45,0,1,44.0,0.24,185.26
2026-07-26,ST014,P006,18,20,1,37.0,0.23,159.1
2026-07-26,ST015,P001,16,20,3,33.0,0.34,96.87
2026-07-26,ST015,P004,30,0,4,26.0,0.24,106.36
2026-07-26,ST015,P006,44,0,13,31.0,0.31,101.35
2026-07-27,ST001,P005,31,0,13,18.0,0.23,78.35
2026-07-27,ST001,P004,29,0,14,15.0,0.24,62.81
2026-07-27,ST001,P010,36,0,0,36.0,0.22,167.29
2026-07-27,ST002,P007,13,0,1,12.0,0.24,50.4
2026-07-27,ST002,P001,12,0,6,6.0,0.23,26.62
2026-07-27,ST002,P008,16,0,2,14.0,0.38,37.0
2026-07-27,ST003,P005,39,0,18,21.0,0.16,129.23
2026-07-27,ST003,P007,12,0,1,11.0,0.24,45.65
2026-07-27,ST003,P010,40,10,6,44.0,0.2,216.86
2026-07-27,ST004,P001,11,0,0,11.0,0.24,46.2
2026-07-27,ST004,P008,16,0,1,15.0,0.13,117.0
2026-07-27,ST004,P009,44,0,4,40.0,0.39,102.22
2026-07-27,ST005,P001,18,0,0,18.0,0.2,88.94
2026-07-27,ST005,P009,14,0,4,10.0,0.2,48.82
2026-07-27,ST005,P004,27,0,10,17.0,0.31,54.15
2026-07-27,ST006,P007,37,0,5,32.0,0.48,66.67
2026-07-27,ST006,P003,26,0,7,19.0,0.22,85.5
2026-07-27,ST006,P005,33,0,7,26.0,0.45,57.35
2026-07-27,ST007,P005,14,0,5,9.0,0.22,40.95
2026-07-27,ST007,P009,48,0,16,32.0,0.25,129.45
2026-07-27,ST007,P003,44,0,10,34.0,0.09,369.14
2026-07-27,ST008,P003,5,0,2,3.0,0.36,8.44
2026-07-27,ST008,P002,29,0,1,28.0,0.1,280.0
2026-07-27,ST008,P004,45,0,17,28.0,0.26,109.2
2026-07-27,ST009,P008,48,0,14,34.0,0.21,158.67
2026-07-27,ST009,P007,20,0,9,11.0,0.23,48.63
2026-07-27,ST009,P005,45,0,4,41.0,0.23,177.67
2026-07-27,ST010,P006,23,0,2,21.0,0.7,30.19
2026-07-27,ST010,P004,29,20,14,35.0,0.2,175.0
2026-07-27,ST010,P003,6,0,2,4.0,0.19,21.45
2026-07-27,ST011,P008,30,0,11,19.0,0.29,66.09
2026-07-27,ST011,P007,30,0,13,17.0,0.18,94.07
2026-07-27,ST011,P004,33,0,12,21.0,0.21,100.33
2026-07-27,ST012,P006,13,0,1,12.0,0.08,147.43
2026-07-27,ST012,P010,50,0,6,44.0,0.19,231.0
2026-07-27,ST012,P007,47,0,11,36.0,0.2,180.0
2026-07-27,ST013,P009,46,0,12,34.0,0.28,120.7
2026-07-27,ST013,P007,11,0,3,8.0,0.17,48.0
2026-07-27,ST013,P006,44,0,6,38.0,0.24,155.8
2026-07-27,ST014,P009,38,0,14,24.0,0.4,60.0
2026-07-27,ST014,P003,18,0,2,16.0,0.08,208.0
2026-07-27,ST014,P007,48,0,4,44.0,0.26,171.6
2026-07-27,ST015,P010,31,0,7,24.0,0.31,77.65
2026-07-27,ST015,P004,13,0,3,10.0,0.24,40.91
2026-07-27,ST015,P003,44,0,20,24.0,0.15,160.62
2026-07-28,ST001,P002,6,0,0,6.0,0.12,51.0
2026-07-28,ST001,P010,10,0,2,8.0,0.22,37.18
2026-07-28,ST001,P009,14,20,4,30.0,0.39,76.0
2026-07-28,ST002,P006,35,0,5,30.0,0.18,169.29
2026-07-28,ST002,P010,11,10,1,20.0,0.32,62.73
2026-07-28,ST002,P008,14,0,1,13.0,0.38,34.36
2026-07-28,ST003,P010,40,0,15,25.0,0.2,123.21
2026-07-28,ST003,P007,22,0,3,19.0,0.24,78.85
2026-07-28,ST003,P003,47,20,14,53.0,0.25,209.21
2026-07-28,ST004,P001,35,0,5,30.0,0.24,126.0
2026-07-28,ST004,P003,42,0,11,31.0,0.15,210.8
2026-07-28,ST004,P007,42,0,14,28.0,0.56,50.4
2026-07-28,ST005,P008,10,10,0,20.0,0.27,73.33
2026-07-28,ST005,P006,44,0,12,32.0,0.16,204.31
2026-07-28,ST005,P009,12,20,6,26.0,0.2,126.94
2026-07-28,ST006,P004,50,0,25,25.0,0.16,154.17
2026-07-28,ST006,P006,43,20,15,48.0,0.18,274.29
2026-07-28,ST006,P005,42,0,5,37.0,0.45,81.62
2026-07-28,ST007,P005,38,20,0,58.0,0.22,263.9
2026-07-28,ST007,P004,15,0,3,12.0,0.1,115.5
2026-07-28,ST007,P010,21,0,6,15.0,0.21,71.67
2026-07-28,ST008,P005,26,0,2,24.0,0.25,97.2
2026-07-28,ST008,P008,44,0,18,26.0,0.18,148.57
2026-07-28,ST008,P002,29,0,7,22.0,0.1,220.0
2026-07-28,ST009,P001,26,0,8,18.0,0.2,91.2
2026-07-28,ST009,P005,32,0,10,22.0,0.23,95.33
2026-07-28,ST009,P007,27,0,8,19.0,0.23,84.0
2026-07-28,ST010,P005,33,20,2,51.0,0.45,112.2
2026-07-28,ST010,P010,25,10,1,34.0,0.22,153.0
2026-07-28,ST010,P002,13,10,0,23.0,0.18,128.8
2026-07-28,ST011,P003,14,0,3,11.0,0.22,50.72
2026-07-28,ST011,P006,9,0,0,9.0,0.42,21.33
2026-07-28,ST011,P002,26,10,9,27.0,0.36,75.6
2026-07-28,ST012,P010,47,0,3,44.0,0.19,231.0
2026-07-28,ST012,P008,13,0,5,8.0,0.41,19.69
2026-07-28,ST012,P006,16,0,1,15.0,0.08,184.29
2026-07-28,ST013,P004,50,0,10,40.0,0.31,130.0
2026-07-28,ST013,P010,17,0,3,14.0,0.33,42.47
2026-07-28,ST013,P001,36,0,5,31.0,0.42,73.76
2026-07-28,ST014,P010,16,0,1,15.0,0.37,40.71
2026-07-28,ST014,P001,17,0,8,9.0,0.23,38.37
2026-07-28,ST014,P008,17,0,1,16.0,0.23,69.33
2026-07-28,ST015,P006,30,0,9,21.0,0.31,68.65
2026-07-28,ST015,P004,37,0,6,31.0,0.24,126.82
2026-07-28,ST015,P003,27,0,8,19.0,0.15,127.15
2026-07-29,ST001,P005,9,0,3,6.0,0.23,26.12
2026-07-29,ST001,P010,8,0,3,5.0,0.22,23.24
2026-07-29,ST001,P003,50,0,23,27.0,0.25,108.0
2026-07-29,ST002,P006,41,0,10,31.0,0.18,174.93
2026-07-29,ST002,P010,35,0,9,26.0,0.32,81.55
2026-07-29,ST002,P002,25,0,11,14.0,0.2,68.44
2026-07-29,ST003,P010,49,0,14,35.0,0.2,172.5
2026-07-29,ST003,P003,25,20,6,39.0,0.25,153.95
2026-07-29,ST003,P001,34,0,4,30.0,0.14,218.18
2026-07-29,ST004,P007,13,0,3,10.0,0.56,18.0
2026-07-29,ST004,P010,45,0,11,34.0,0.22,154.31
2026-07-29,ST004,P001,47,20,4,63.0,0.24,264.6
2026-07-29,ST005,P003,6,0,1,5.0,0.33,15.37
2026-07-29,ST005,P004,17,0,6,11.0,0.31,35.04
2026-07-29,ST005,P002,40,0,6,34.0,0.31,109.85
2026-07-29,ST006,P008,15,0,0,15.0,0.23,66.0
2026-07-29,ST006,P007,11,0,2,9.0,0.48,18.75
2026-07-29,ST006,P009,43,0,7,36.0,0.19,189.0
2026-07-29,ST007,P008,36,0,9,27.0,0.2,137.45
2026-07-29,ST007,P004,26,0,10,16.0,0.1,154.0
2026-07-29,ST007,P007,44,0,4,40.0,0.35,114.55
2026-07-29,ST008,P006,28,0,7,21.0,0.16,133.0
2026-07-29,ST008,P010,33,0,7,26.0,0.12,208.0
2026-07-29,ST008,P003,25,0,5,20.0,0.36,56.3
2026-07-29,ST009,P008,41,0,6,35.0,0.21,163.33
2026-07-29,ST009,P005,25,0,9,16.0,0.23,69.33
2026-07-29,ST009,P006,19,0,9,10.0,0.42,23.61
2026-07-29,ST010,P004,6,0,0,6.0,0.2,30.0
2026-07-29,ST010,P008,14,0,1,13.0,0.36,35.97
2026-07-29,ST010,P009,34,0,8,26.0,0.1,267.43
2026-07-29,ST011,P007,50,0,24,26.0,0.18,143.87
2026-07-29,ST011,P004,20,0,0,20.0,0.21,95.56
2026-07-29,ST011,P005,44,0,4,40.0,0.33,120.0
2026-07-29,ST012,P006,43,10,6,47.0,0.08,577.43
2026-07-29,ST012,P008,46,0,19,27.0,0.41,66.46
2026-07-29,ST012,P010,23,0,11,12.0,0.19,63.0
2026-07-29,ST013,P009,20,0,6,14.0,0.28,49.7
2026-07-29,ST013,P010,5,0,0,5.0,0.33,15.17
2026-07-29,ST013,P005,6,0,3,3.0,0.28,10.88
2026-07-29,ST014,P008,45,0,5,40.0,0.23,173.33
2026-07-29,ST014,P003,25,0,4,21.0,0.08,273.0
2026-07-29,ST014,P010,17,0,7,10.0,0.37,27.14
2026-07-29,ST015,P010,6,0,2,4.0,0.31,12.94
2026-07-29,ST015,P003,28,0,13,15.0,0.15,100.38
2026-07-29,ST015,P006,40,0,13,27.0,0.31,88.27
2026-07-30,ST001,P007,44,10,1,53.0,0.14,385.45
2026-07-30,ST001,P003,25,0,9,16.0,0.25,64.0
2026-07-30,ST001,P006,37,0,4,33.0,0.18,180.4
2026-07-30,ST002,P002,11,0,5,6.0,0.2,29.33
2026-07-30,ST002,P003,28,20,5,43.0,0.2,212.31
2026-07-30,ST002,P009,26,0,7,19.0,0.28,67.29
2026-07-30,ST003,P001,46,0,22,24.0,0.14,174.55
2026-07-30,ST003,P009,10,10,3,17.0,0.15,111.92
2026-07-30,ST003,P007,21,0,0,21.0,0.24,87.15
2026-07-30,ST004,P009,46,10,7,49.0,0.39,125.22
2026-07-30,ST004,P001,7,0,1,6.0,0.24,25.2
2026-07-30,ST004,P010,13,0,2,11.0,0.22,49.92
2026-07-30,ST005,P007,36,0,13,23.0,0.21,107.81
2026-07-30,ST005,P001,7,0,0,7.0,0.2,34.59
2026-07-30,ST005,P005,42,0,11,31.0,0.2,155.0
2026-07-30,ST006,P010,30,0,0,30.0,0.22,137.65
2026-07-30,ST006,P006,44,0,17,27.0,0.18,154.29
2026-07-30,ST006,P003,29,0,3,26.0,0.22,117.0
2026-07-30,ST007,P005,25,10,6,29.0,0.22,131.95
2026-07-30,ST007,P006,23,0,7,16.0,0.31,52.0
2026-07-30,ST007,P004,46,0,12,34.0,0.1,327.25
2026-07-30,ST008,P002,11,0,1,10.0,0.1,100.0
2026-07-30,ST008,P001,41,0,9,32.0,0.2,160.0
2026-07-30,ST008,P007,48,0,18,30.0,0.17,180.0
2026-07-30,ST009,P006,46,0,18,28.0,0.42,66.11
2026-07-30,ST009,P008,21,0,0,21.0,0.21,98.0
2026-07-30,ST009,P001,18,10,5,23.0,0.2,116.53
2026-07-30,ST010,P007,30,0,5,25.0,0.3,84.09
2026-07-30,ST010,P006,35,0,9,26.0,0.7,37.38
2026-07-30,ST010,P008,47,10,7,50.0,0.36,138.33
2026-07-30,ST011,P002,44,0,0,44.0,0.36,123.2
2026-07-30,ST011,P001,5,0,1,4.0,0.38,10.67
2026-07-30,ST011,P009,15,0,5,10.0,0.19,51.88
2026-07-30,ST012,P004,9,0,0,9.0,0.15,60.23
2026-07-30,ST012,P007,7,10,2,15.0,0.2,75.0
2026-07-30,ST012,P006,34,20,6,48.0,0.08,589.71
2026-07-30,ST013,P001,5,0,2,3.0,0.42,7.14
2026-07-30,ST013,P008,42,0,8,34.0,0.28,122.4
2026-07-30,ST013,P003,49,0,2,47.0,0.29,163.48
2026-07-30,ST014,P003,30,0,0,30.0,0.08,390.0
2026-07-30,ST014,P004,32,10,13,29.0,0.24,122.11
2026-07-30,ST014,P002,5,0,0,5.0,0.2,25.45
2026-07-30,ST015,P005,17,10,0,27.0,0.13,213.55
2026-07-30,ST015,P010,17,0,7,10.0,0.31,32.35
2026-07-30,ST015,P008,46,0,18,28.0,0.36,77.24
